event	id_be1	id_be2	type	chrom_be1	pos_be1	chrom_be2	pos_be2	length	imprecise_be1	imprecise_be2	secondary_be1	secondary_be2	junction_support_pe	junction_support_sr	junction_support_su	confidence_interval_pos_be1	confidence_interval_pos_95_be1	confidence_interval_end_be1	confidence_interval_end_95_be1	confidence_interval_pos_be2	confidence_interval_pos_95_be2	confidence_interval_end_be2	confidence_interval_end_95_be2	tum_support_pe	tum_support_sr	tum_support_su	norm_support_pe	norm_support_sr	norm_support_su
65	65		DEL	chr1	8097211	chr1	8097646	435.0	True		False		5	0	5	-10,405	-2,110	-342,9	-84,3					5	0	5	0	0	0
77	77		DEL	chr1	13990591	chr1	13991112	521.0	True		False		5	0	5	-10,364	-3,111	-333,9	-125,2					5	0	5	0	0	0
136	136_1	136_2	BND	chr1	29771304	chr1	29771631		True	True	False	True	1	5	6	-2,0	-2,0	-7,6	0,0	-7,6	0,0	-2,0	-2,0	1	4	5	0	1	1
156	156		DEL	chr1	34635821	chr1	34646375	10554.0	True		False		4	2	6	-9,9	-1,1	-10,8	-1,0					4	2	6	0	0	0
13032	13032_1	13032_2	BND	chr1	39664500	chr12	114874647		True	True	False	True	8	0	8	-10,443	-2,79	-10,621	0,125	-10,621	0,125	-10,443	-2,79	7	0	7	1	0	1
13013	13013_1	13013_2	BND	chr1	45753768	chr12	11083916		True	True	False	True	8	0	8	-10,523	-1,104	-10,474	-2,71	-10,474	-2,71	-10,523	-1,104	7	0	7	1	0	1
197	197		DEL	chr1	48884532	chr1	49557084	672552.0	False		False		16	5	21	-10,9	0,0	-10,9	0,0					16	5	21	0	0	0
201	201		DEL	chr1	50471791	chr1	50472502	711.0	True		False		6	0	6	-10,578	-2,139	-383,9	-113,3					5	0	5	1	0	1
204	204		DEL	chr1	52480806	chr1	52481671	865.0	True		False		5	0	5	-10,649	-2,182	-702,9	-181,2					5	0	5	0	0	0
205	205		DEL	chr1	52619463	chr1	52619785	322.0	True		False		5	0	5	-10,187	-3,77	-301,9	-89,3					5	0	5	0	0	0
217	217		DEL	chr1	56365452	chr1	56369289	3837.0	True		False		4	3	7	-7,9	-1,1	-10,9	-1,1					4	3	7	0	0	0
259	259		DEL	chr1	71677480	chr1	71678281	801.0	True		False		5	0	5	-10,611	-2,156	-574,9	-154,2					5	0	5	0	0	0
262	262		DEL	chr1	72047663	chr1	72048119	456.0	False		False		1	5	6	-7,6	0,0	-10,9	0,0					1	5	6	0	0	0
13001	13001_1	13001_2	BND	chr1	74451217	chr11	86806301		False	False	False	True	1	4	5	-9,6	0,0	-9,6	0,0	-9,6	0,0	-9,6	0,0	1	4	5	0	0	0
13025	13025_1	13025_2	BND	chr1	83015699	chr12	77477811		False	False	False	True	1	4	5	-8,8	0,0	-9,6	0,0	-9,6	0,0	-8,8	0,0	1	4	5	0	0	0
12881	12881_1	12881_2	BND	chr1	83390878	chr7	76847438		True	True	False	True	7	0	7	-10,728	-1,125	-723,9	-120,2	-723,9	-120,2	-10,728	-1,125	7	0	7	0	0	0
322	322		DEL	chr1	99109797	chr1	99110836	1039.0	True		False		5	0	5	-10,677	-2,231	-713,9	-237,2					5	0	5	0	0	0
337	337		DEL	chr1	104712394	chr1	104713566	1172.0	True		False		5	0	5	-10,490	-3,105	-353,9	-97,3					5	0	5	0	0	0
12814	12814_1	12814_2	BND	chr1	105893519	chr5	139322597		False	False	False	True	5	4	9	-6,7	0,0	-10,9	0,0	-10,9	0,0	-6,7	0,0	5	4	9	0	0	0
13063	13063_1	13063_2	BND	chr1	113087354	chr14	74105482		False	False	False	True	1	4	5	-8,8	0,0	-8,8	0,0	-8,8	0,0	-8,8	0,0	1	4	5	0	0	0
368	368		DUP	chr1	118006442	chr1	118059103	52661.0	False		False		13	8	21	-4,1	0,0	-10,9	0,0					13	8	21	0	0	0
12871	12871_1	12871_2	BND	chr1	125083301	chr7	58063095		True	True	False	True	7	0	7	-10,614	-2,139	-700,9	-156,2	-700,9	-156,2	-10,614	-2,139	7	0	7	0	0	0
12877	12877_1	12877_2	BND	chr1	125155014	chr7	61064477		True	True	False	True	7	0	7	-606,9	-114,2	-625,9	-94,1	-625,9	-94,1	-606,9	-114,2	6	0	6	1	0	1
399	399		DEL	chr1	125167923	chr1	125169865	1942.0	True		False		12	0	12	-10,368	-1,68	-523,9	-55,3					11	0	11	1	0	1
413	413_1	413_2	BND	chr1	143205003	chr1	143270158		True	True	False	True	9	0	9	-523,9	-58,3	-553,9	-75,2	-553,9	-75,2	-523,9	-58,3	8	0	8	1	0	1
12673	12673_1	12673_2	BND	chr1	150420569	chr2	34648287		False	False	False	True	7	5	12	-10,9	0,0	-5,6	0,0	-5,6	0,0	-10,9	0,0	7	5	12	0	0	0
430	430		DUP	chr1	154513244	chr1	154517954	4710.0	False		False		5	4	9	-9,6	0,0	-10,9	0,0					5	4	9	0	0	0
431	431		DEL	chr1	154617136	chr1	154617254	118.0	True		False		5	0	5	-1,0	-1,0	-3,9	-3,3					5	0	5	0	0	0
435	435		DEL	chr1	155794560	chr1	155795313	753.0	True		False		5	0	5	-10,163	-2,103	-517,9	-161,2					5	0	5	0	0	0
460	460		DUP	chr1	161539308	chr1	161620750	81442.0	True		False		6	0	6	-362,9	-106,2	-10,443	-2,100					6	0	6	0	0	0
403	403		DUP	chr1	162425433	chr1	163037184	611751.0	True		False		6	3	9	-10,8	-1,0	-10,9	-1,1					6	3	9	0	0	0
12800	12800_1	12800_2	BND	chr1	162442249	chr5	85023839		False	False	False	True	1	4	5	-9,6	0,0	-8,8	0,0	-8,8	0,0	-9,6	0,0	1	4	5	0	0	0
467	467		DUP	chr1	163035971	chr1	163039583	3612.0	False		False		7	5	12	-8,3	0,0	-5,5	0,0					7	5	12	0	0	0
468	468		DEL	chr1	164419873	chr1	164420214	341.0	True		False		5	0	5	-10,19	-2,16	-17,9	-14,2					5	0	5	0	0	0
404	404		DUP	chr1	166411884	chr1	166494243	82359.0	True		False		8	0	8	-502,9	-77,2	-10,506	-2,104					7	0	7	1	0	1
512	512_1	512_2	BND	chr1	168216948	chr1	182305181		True	True	False	True	5	3	8	-10,9	-1,0	-10,9	-1,0	-10,9	-1,0	-10,9	-1,0	5	3	8	0	0	0
12730	12730_1	12730_2	BND	chr1	168217251	chr3	53141869		True	True	False	True	4	1	5	-10,9	-3,3	-10,6	-3,0	-10,6	-3,0	-10,9	-3,3	4	1	5	0	0	0
481	481_1	481_2	BND	chr1	168543497	chr1	168577119		True	True	False	True	11	0	11	-10,182	-2,53	-10,391	-2,75	-10,391	-2,75	-10,182	-2,53	10	0	10	1	0	1
500	500		DEL	chr1	177293725	chr1	177294536	811.0	True		False		5	0	5	-10,755	-2,248	-747,9	-245,2					5	0	5	0	0	0
501	501		DEL	chr1	178193634	chr1	178194792	1158.0	True		False		5	0	5	-10,767	-2,251	-761,9	-249,2					5	0	5	0	0	0
12565	12565_1	12565_2	BND	chr1	179603864	chr2	13800170		False	False	False	True	1	4	5	-9,6	0,0	-9,6	0,0	-9,6	0,0	-9,6	0,0	1	4	5	0	0	0
531	531		DEL	chr1	186795509	chr1	186796254	745.0	True		False		6	0	6	-10,275	-2,88	-611,9	-82,3					5	0	5	1	0	1
536	536_1	536_2	BND	chr1	187495696	chr1	187497595		True	True	False	True	2	3	5	-9,9	-1,1	-10,9	-1,1	-10,9	-1,1	-9,9	-1,1	2	3	5	0	0	0
546	546		DEL	chr1	190558363	chr1	190558538	175.0	True		False		5	0	5	-10,82	-2,42	-143,9	-81,2					5	0	5	0	0	0
548	548		DEL	chr1	190650772	chr1	190651391	619.0	True		False		6	0	6	-10,617	-2,224	-568,9	-186,3					5	0	5	1	0	1
565	565		DEL	chr1	194481985	chr1	194485182	3197.0	True		False		16	0	16	-10,304	-2,65	-478,9	-59,0					16	0	16	0	0	0
12888	12888_1	12888_2	BND	chr1	197785708	chr7	136788900		False	False	False	True	1	5	6	-10,9	0,0	-7,6	0,0	-7,6	0,0	-10,9	0,0	1	4	5	0	1	1
12845	12845_1	12845_2	BND	chr1	199606456	chr6	116347362		True	True	False	True	5	0	5	-10,625	-2,119	-765,9	-154,1	-765,9	-154,1	-10,625	-2,119	5	0	5	0	0	0
623	623		DEL	chr1	212936642	chr1	212937320	678.0	True		False		6	0	6	-10,533	-3,184	-578,9	-219,2					5	0	5	1	0	1
631	631		DEL	chr1	216058135	chr1	216058664	529.0	True		False		2	3	5	-10,9	-1,1	-6,9	-1,3					2	3	5	0	0	0
649	649		DEL	chr1	220485763	chr1	220486776	1013.0	True		False		5	0	5	-10,703	-2,235	-714,9	-237,2					5	0	5	0	0	0
12927	12927_1	12927_2	BND	chr1	221331604	chr9	29807417		False	False	False	True	1	4	5	-8,8	0,0	-8,8	0,0	-8,8	0,0	-8,8	0,0	1	4	5	0	0	0
13073	13073_1	13073_2	BND	chr1	225865264	chr14	91653623		False	False	False	True	1	4	5	-8,8	0,0	-8,8	0,0	-8,8	0,0	-8,8	0,0	1	4	5	0	0	0
684	684		DEL	chr1	228541918	chr1	228542337	419.0	True		False		5	0	5	-10,49	-2,32	-190,9	-71,3					5	0	5	0	0	0
690	690		DEL	chr1	229676790	chr1	229685089	8299.0	True		False		6	1	7	-9,9	-1,3	-10,9	-3,1					6	1	7	0	0	0
13011	13011_1	13011_2	BND	chr1	233174141	chr12	1138044		True	True	False	True	5	0	5	-7,728	0,164	-735,5	-164,0	-735,5	-164,0	-7,728	0,164	5	0	5	0	0	0
13149	13149_1	13149_2	BND	chr1	236498159	chr18	9875923		True	True	False	True	5	0	5	-346,9	-116,2	-784,9	-162,1	-784,9	-162,1	-346,9	-116,2	5	0	5	0	0	0
774	774		DEL	chr1	248044521	chr1	248044834	313.0	False		False		2	5	7	-10,9	0,0	-7,6	0,0					2	5	7	0	0	0
6025	6025_1	6025_2	BND	chr10	4953787	chr10	5012569		True	True	False	True	9	0	9	-603,9	-102,2	-445,9	-78,2	-445,9	-78,2	-603,9	-102,2	8	0	8	1	0	1
6034	6034		DEL	chr10	6835027	chr10	6835625	598.0	True		False		8	0	8	-10,336	-3,68	-589,9	-75,2					8	0	8	0	0	0
6036	6036		DUP	chr10	7526616	chr10	7526971	355.0	True		False		5	0	5	-719,9	-135,2	-10,691	-2,126					5	0	5	0	0	0
6039	6039		DEL	chr10	7631804	chr10	7632464	660.0	True		False		6	0	6	-10,622	-3,135	-580,9	-155,2					5	0	5	1	0	1
19979	19979_1	19979_2	BND	chr10	8985457	chr13	109216996		True	True	False	True	4	3	7	-10,9	-1,1	-10,8	-1,1	-10,8	-1,1	-10,9	-1,1	4	3	7	0	0	0
20060	20060_1	20060_2	BND	chr10	16722834	chr17	70276333		True	True	False	True	7	0	7	-614,3	-132,0	-465,9	-83,2	-465,9	-83,2	-614,3	-132,0	6	0	6	1	0	1
20014	20014_1	20014_2	BND	chr10	24557951	chr16	59050238		True	True	False	True	3	3	6	-10,6	-1,0	-10,8	-1,0	-10,8	-1,0	-10,6	-1,0	2	3	5	1	0	1
6083	6083		DUP	chr10	26570699	chr10	26601028	30329.0	True		False		8	0	8	-368,9	-77,3	-8,532	0,118					7	0	7	1	0	1
6099	6099		DEL	chr10	26935274	chr10	26939156	3882.0	True		False		4	1	5	-10,9	-2,3	-10,9	-3,1					4	1	5	0	0	0
6100	6100		DUP	chr10	26935698	chr10	26940335	4637.0	True		False		5	0	5	-720,6	-157,0	-10,446	-3,89					5	0	5	0	0	0
6353	6353_1	6353_2	BND	chr10	27316835	chr10	45187192		True	True	False	True	10	0	10	-10,217	-1,82	-10,17	-1,14	-10,17	-1,14	-10,217	-1,82	9	0	9	1	0	1
20164	20164_1	20164_2	BND	chr10	30084420	chrX	118276539		False	False	False	True	1	4	5	-9,6	0,0	-9,6	0,0	-9,6	0,0	-9,6	0,0	1	4	5	0	0	0
19984	19984_1	19984_2	BND	chr10	32385626	chr14	54058868		False	False	False	True	1	4	5	-9,6	0,0	-8,8	0,0	-8,8	0,0	-9,6	0,0	1	4	5	0	0	0
19960	19960_1	19960_2	BND	chr10	36131028	chr12	86110255		True	True	False	True	13	1	14	-4,9	-3,0	-10,9	-3,1	-10,9	-3,1	-4,9	-3,0	12	1	13	1	0	1
20151	20151_1	20151_2	BND	chr10	36139641	chrX	21417007		True	True	False	True	5	0	5	-10,653	-2,130	-740,9	-137,2	-740,9	-137,2	-10,653	-2,130	5	0	5	0	0	0
6149	6149		DEL	chr10	38787015	chr10	38787584	569.0	True		False		6	0	6	-10,495	-2,128	-351,9	-110,3					5	0	5	1	0	1
6151	6151		DEL	chr10	38804006	chr10	38804370	364.0	True		False		5	0	5	-10,161	-3,71	-324,9	-85,3					5	0	5	0	0	0
6163	6163		DEL	chr10	39338156	chr10	39341967	3811.0	True		False		9	0	9	-10,443	-2,78	-452,9	-77,2					8	0	8	1	0	1
6217	6217		DEL	chr10	41860372	chr10	41888649	28277.0	True		False		9	0	9	-10,122	-3,37	-532,6	-117,0					8	0	8	1	0	1
20032	20032_1	20032_2	BND	chr10	41875370	chr17	21976488		True	True	False	True	5	0	5	-723,9	-158,1	-10,213	0,109	-10,213	0,109	-723,9	-158,1	5	0	5	0	0	0
20175	20175_1	20175_2	BND	chr10	41879503	chrY	10999960		True	True	False	True	6	0	6	-10,625	-3,75	-9,613	-2,137	-9,613	-2,137	-10,625	-3,75	5	0	5	1	0	1
6209	6209		DUP	chr10	41881010	chr10	41883244	2234.0	True		False		4	1	5	-10,9	-3,3	-10,9	-3,3					4	1	5	0	0	0
6223	6223		DEL	chr10	41883754	chr10	41888675	4921.0	True		False		6	0	6	-10,616	-2,181	-361,9	-164,2					5	0	5	1	0	1
6259	6259		DEL	chr10	41889047	chr10	41904218	15171.0	True		False		5	0	5	-10,476	-2,134	-615,9	-160,1					5	0	5	0	0	0
6282	6282		DUP	chr10	41905323	chr10	41910754	5431.0	True		False		6	0	6	-484,9	-141,2	-10,620	-1,184					5	0	5	1	0	1
6334	6334		DEL	chr10	42167884	chr10	42168635	751.0	True		False		5	1	6	-10,9	-2,3	-10,9	-3,1					5	1	6	0	0	0
6403	6403		DEL	chr10	66127317	chr10	66127996	679.0	True		False		5	0	5	-10,358	-2,116	-183,9	-102,2					5	0	5	0	0	0
20086	20086_1	20086_2	BND	chr10	74781465	chr19	21277081		False	False	False	True	1	4	5	-9,6	0,0	-9,6	0,0	-9,6	0,0	-9,6	0,0	1	4	5	0	0	0
6461	6461		DEL	chr10	92858818	chr10	92860286	1468.0	True		False		5	0	5	-10,787	-2,403	-788,9	-403,2					5	0	5	0	0	0
6487	6487		DEL	chr10	105296769	chr10	105302599	5830.0	True		False		10	0	10	-10,198	-2,55	-445,9	-81,0					9	0	9	1	0	1
6550	6550		DEL	chr10	129599480	chr10	129600278	798.0	True		False		6	0	6	-10,591	-2,167	-430,9	-149,2					5	0	5	1	0	1
6563	6563_1	6563_2	BND	chr10	131278713	chr10	131281784		False	False	False	True	4	6	10	-5,5	0,0	-10,9	0,0	-10,9	0,0	-5,5	0,0	4	6	10	0	0	0
6619	6619		DEL	chr11	6976119	chr11	6976756	637.0	True		False		6	0	6	-10,527	-2,159	-592,9	-169,2					5	0	5	1	0	1
6638	6638		DEL	chr11	10199086	chr11	10199870	784.0	True		False		5	0	5	-10,608	-2,169	-642,9	-161,2					5	0	5	0	0	0
20487	20487_1	20487_2	BND	chr11	19036039	chr18	61061223		False	False	False	True	1	4	5	-9,6	0,0	-9,6	0,0	-9,6	0,0	-9,6	0,0	1	4	5	0	0	0
20518	20518_1	20518_2	BND	chr11	21763167	chr21	33609059		False	False	False	True	1	4	5	-8,8	0,0	-9,6	0,0	-9,6	0,0	-8,8	0,0	1	4	5	0	0	0
6692	6692		DEL	chr11	31662990	chr11	31663165	175.0	True		False		5	0	5	-10,7	-3,7	-23,9	-18,2					5	0	5	0	0	0
6711	6711		DEL	chr11	36888900	chr11	36889519	619.0	True		False		5	0	5	-10,601	-2,120	-593,9	-134,2					5	0	5	0	0	0
6731	6731		DEL	chr11	41796637	chr11	41797472	835.0	True		False		6	0	6	-10,406	-2,95	-142,9	-72,1					6	0	6	0	0	0
6741	6741		DEL	chr11	44091963	chr11	44093759	1796.0	True		False		6	2	8	-10,9	-1,1	-10,9	-1,1					6	2	8	0	0	0
6749	6749		DEL	chr11	47618915	chr11	47622699	3784.0	True		False		6	0	6	-10,572	-2,116	-598,5	-139,0					5	0	5	1	0	1
6759	6759		DEL	chr11	48718106	chr11	48718861	755.0	True		False		7	0	7	-10,604	-2,155	-634,9	-176,2					7	0	7	0	0	0
6766	6766		DUP	chr11	48910811	chr11	48919179	8368.0	True		False		8	0	8	-547,9	-117,2	-10,492	-2,91					7	0	7	1	0	1
6786	6786		DEL	chr11	50460897	chr11	50461413	516.0	True		False		5	0	5	-10,250	-2,134	-267,9	-132,2					5	0	5	0	0	0
6822	6822		DEL	chr11	54369331	chr11	54406119	36788.0	True		False		5	0	5	-10,681	-2,133	-715,9	-149,1					5	0	5	0	0	0
6827	6827		DUP	chr11	54409160	chr11	54423359	14199.0	True		False		5	0	5	-764,9	-157,1	-10,717	-1,155					5	0	5	0	0	0
6842	6842		DEL	chr11	55150041	chr11	55150932	891.0	True		False		6	0	6	-10,620	-2,173	-247,9	-143,2					6	0	6	0	0	0
6843	6843		DEL	chr11	55253072	chr11	55253608	536.0	True		False		5	0	5	-10,274	-2,140	-127,9	-84,2					5	0	5	0	0	0
20516	20516_1	20516_2	BND	chr11	59496267	chr21	20410312		False	False	False	True	1	4	5	-8,8	0,0	-8,8	0,0	-8,8	0,0	-8,8	0,0	1	4	5	0	0	0
6859	6859_1	6859_2	BND	chr11	62097777	chr11	62098053		True	True	False	True	6	0	6	-505,9	-99,2	-4,9	-4,1	-4,9	-4,1	-505,9	-99,2	5	0	5	1	0	1
6863	6863		DEL	chr11	62865904	chr11	62866606	702.0	True		False		5	0	5	-10,567	-2,150	-527,9	-119,2					5	0	5	0	0	0
6883	6883		DUP	chr11	67399889	chr11	67404797	4908.0	True		False		4	1	5	-10,9	-3,3	-10,9	-1,3					4	1	5	0	0	0
6898	6898_1	6898_2	BND	chr11	71563062	chr11	71563394		True	True	False	True	7	0	7	-565,9	-100,0	-7,9	-7,0	-7,9	-7,0	-565,9	-100,0	6	0	6	1	0	1
20476	20476_1	20476_2	BND	chr11	71959717	chr17	45014115		True	True	False	True	11	0	11	-333,9	-55,3	-482,9	-65,2	-482,9	-65,2	-333,9	-55,3	11	0	11	0	0	0
6906	6906_1	6906_2	BND	chr11	71995685	chr11	72015361		False	False	False	True	12	9	21	-9,0	0,0	-10,9	0,0	-10,9	0,0	-9,0	0,0	12	9	21	0	0	0
6908	6908		DEL	chr11	74313863	chr11	74316342	2479.0	True		False		5	1	6	-10,9	-1,3	-10,9	-3,3					5	1	6	0	0	0
6922	6922_1	6922_2	BND	chr11	87332666	chr11	87332883		True	True	False	True	1	4	5	-5,8	0,1	-9,6	0,1	-9,6	0,1	-5,8	0,1	1	4	5	0	0	0
6950	6950		DEL	chr11	97301151	chr11	97301977	826.0	True		False		6	0	6	-10,403	-2,111	-608,9	-108,2					6	0	6	0	0	0
6953	6953		DEL	chr11	98377480	chr11	98377870	390.0	False		False		2	4	6	-10,9	0,0	-9,8	0,0					2	4	6	0	0	0
6959	6959		DEL	chr11	98514502	chr11	98515321	819.0	True		False		5	0	5	-10,692	-2,233	-718,9	-238,2					5	0	5	0	0	0
6991	6991		DUP	chr11	113934810	chr11	113935455	645.0	True		False		2	4	6	-10,9	0,0	-10,7	-1,0					2	4	6	0	0	0
6994	6994_1	6994_2	BND	chr11	116812423	chr11	116812538		True	True	False	True	8	0	8	-10,19	-2,19	-8,587	0,131	-8,587	0,131	-10,19	-2,19	8	0	8	0	0	0
20527	20527_1	20527_2	BND	chr11	124913392	chr22	32146157		True	True	False	True	5	0	5	-7,728	0,164	-7,728	0,164	-7,728	0,164	-7,728	0,164	5	0	5	0	0	0
7017	7017		DEL	chr11	128961094	chr11	128964897	3803.0	True		False		4	2	6	-10,9	-1,1	-10,7	-1,0					4	2	6	0	0	0
7018	7018		DUP	chr11	129143072	chr11	129145383	2311.0	True		False		3	2	5	-10,9	-1,1	-10,9	-1,1					3	2	5	0	0	0
7047	7047		DEL	chr12	1182606	chr12	1183502	896.0	True		False		5	0	5	-10,787	-2,403	-788,9	-403,2					5	0	5	0	0	0
7065	7065		DEL	chr12	6429134	chr12	6429901	767.0	True		False		5	0	5	-10,388	-2,105	-602,9	-122,2					5	0	5	0	0	0
7069	7069		DEL	chr12	6889145	chr12	6889664	519.0	True		False		5	0	5	-10,269	-2,120	-429,9	-120,2					5	0	5	0	0	0
7079	7079		DEL	chr12	7979734	chr12	7980551	817.0	True		False		6	0	6	-10,600	-2,125	-471,9	-100,2					5	0	5	1	0	1
7088	7088		DEL	chr12	8139971	chr12	8141075	1104.0	True		False		6	0	6	-10,625	-2,325	-626,9	-325,2					5	0	5	1	0	1
7113	7113		DUP	chr12	11021392	chr12	11048377	26985.0	True		False		10	0	10	-385,9	-56,3	-10,295	-3,36					9	0	9	1	0	1
7135	7135		DEL	chr12	11025792	chr12	11081118	55326.0	True		False		6	0	6	-10,574	-2,97	-602,9	-126,2					5	0	5	1	0	1
7165	7165		DUP	chr12	11030142	chr12	11133721	103579.0	True		False		5	0	5	0,0	0,0	-10,113	-3,42					5	0	5	0	0	0
7149	7149		DUP	chr12	11054613	chr12	11125714	71101.0	True		False		8	0	8	-535,7	-112,0	-10,363	-3,68					7	0	7	1	0	1
7164	7164		DUP	chr12	11060783	chr12	11132742	71959.0	True		False		5	0	5	-724,9	-152,1	-10,190	-2,104					5	0	5	0	0	0
7144	7144		DEL	chr12	11079801	chr12	11122140	42339.0	True		False		7	0	7	-10,113	-3,44	-347,9	-64,3					7	0	7	0	0	0
7145	7145		DUP	chr12	11079918	chr12	11122756	42838.0	True		False		5	0	5	-667,9	-128,2	-10,704	-2,145					5	0	5	0	0	0
7162	7162		DEL	chr12	11089873	chr12	11131479	41606.0	True		False		6	0	6	-10,480	-3,75	-562,9	-111,2					5	0	5	1	0	1
7196	7196		DEL	chr12	17454337	chr12	17454900	563.0	True		False		7	0	7	-10,469	-3,67	-545,9	-85,2					7	0	7	0	0	0
7198	7198		DEL	chr12	17506396	chr12	17507504	1108.0	True		False		5	0	5	-10,787	-2,403	-788,9	-403,2					5	0	5	0	0	0
7205	7205		DEL	chr12	20709600	chr12	20709923	323.0	False		False		2	8	10	-10,9	0,0	-10,9	0,0					2	8	10	0	0	0
7207	7207		DEL	chr12	20995878	chr12	20996677	799.0	True		False		5	0	5	-10,685	-2,232	-705,9	-236,2					5	0	5	0	0	0
7210	7210		DEL	chr12	22645243	chr12	22645881	638.0	True		False		6	0	6	-10,592	-2,173	-585,9	-155,2					6	0	6	0	0	0
7211	7211		DEL	chr12	23129349	chr12	23129874	525.0	True		False		5	0	5	-10,186	-2,104	-367,9	-110,3					5	0	5	0	0	0
7214	7214		DEL	chr12	23782718	chr12	23782899	181.0	True		False		5	0	5	-10,147	-2,74	-127,9	-59,3					5	0	5	0	0	0
7224	7224		DEL	chr12	25517019	chr12	25517581	562.0	True		False		6	0	6	-10,403	-1,106	-130,9	-59,3					5	0	5	1	0	1
7228	7228		DEL	chr12	26620085	chr12	26620448	363.0	True		False		6	0	6	-10,220	-2,92	-315,9	-88,3					6	0	6	0	0	0
7249	7249		DEL	chr12	30765358	chr12	30765858	500.0	True		False		5	1	6	-10,9	-3,3	-10,9	-3,3					5	1	6	0	0	0
7273	7273		DEL	chr12	33262711	chr12	33263192	481.0	True		False		5	0	5	-10,393	-2,151	-425,9	-150,2					5	0	5	0	0	0
7278	7278		DEL	chr12	33755569	chr12	33756383	814.0	True		False		6	0	6	-10,701	-2,178	-525,9	-177,2					6	0	6	0	0	0
7279	7279		DEL	chr12	34252010	chr12	34252670	660.0	True		False		5	0	5	-10,400	-3,90	-432,9	-128,2					5	0	5	0	0	0
7291	7291		DEL	chr12	34797631	chr12	34817722	20091.0	True		False		5	0	5	-10,445	-2,112	-764,9	-155,1					5	0	5	0	0	0
7321	7321		DEL	chr12	37311469	chr12	37380460	68991.0	True		False		8	0	8	-10,536	-2,88	-512,9	-83,0					8	0	8	0	0	0
7317	7317		DEL	chr12	37333222	chr12	37334766	1544.0	True		False		9	0	9	-10,213	-1,63	-473,9	-78,1					8	0	8	1	0	1
20696	20696_1	20696_2	BND	chr12	37430412	chr15	50086006		True	True	False	True	5	0	5	-569,9	-105,2	-10,706	0,154	-10,706	0,154	-569,9	-105,2	5	0	5	0	0	0
7324	7324		DEL	chr12	37610834	chr12	37611471	637.0	True		False		6	0	6	-10,235	-2,118	-467,9	-126,2					6	0	6	0	0	0
7325	7325		DEL	chr12	37636308	chr12	37637189	881.0	True		False		6	0	6	-10,607	-2,223	-749,9	-246,2					6	0	6	0	0	0
7329	7329_1	7329_2	BND	chr12	37703757	chr12	37741290		True	True	False	True	14	0	14	-10,280	-3,43	-10,625	0,63	-10,625	0,63	-10,280	-3,43	13	0	13	1	0	1
7327	7327		DUP	chr12	37720422	chr12	37723706	3284.0	True		False		10	0	10	-438,9	-52,3	-10,231	-1,65					10	0	10	0	0	0
7333	7333		DEL	chr12	37803758	chr12	37804289	531.0	True		False		5	0	5	-10,193	-3,83	-423,9	-98,3					5	0	5	0	0	0
7340	7340		DEL	chr12	38005127	chr12	38006231	1104.0	True		False		5	0	5	-10,787	-2,403	-788,9	-403,2					5	0	5	0	0	0
7344	7344		DEL	chr12	38729325	chr12	38729623	298.0	True		False		5	0	5	-10,129	-3,61	-178,9	-75,3					5	0	5	0	0	0
7345	7345		DEL	chr12	38803771	chr12	38806880	3109.0	True		False		5	0	5	-10,535	-2,115	-696,9	-145,2					5	0	5	0	0	0
7366	7366		DEL	chr12	41297412	chr12	41298261	849.0	True		False		5	0	5	-10,731	-2,242	-772,9	-253,2					5	0	5	0	0	0
7368	7368_1	7368_2	BND	chr12	41592705	chr12	41592892		False	False	False	True	1	4	5	-8,8	0,0	-8,8	0,0	-8,8	0,0	-8,8	0,0	1	4	5	0	0	0
7379	7379		DEL	chr12	46126343	chr12	46127161	818.0	True		False		5	0	5	-10,584	-2,178	-675,9	-166,2					5	0	5	0	0	0
7381	7381		DEL	chr12	46173932	chr12	46174163	231.0	True		False		5	0	5	-10,160	-2,76	-143,9	-68,2					5	0	5	0	0	0
7394	7394		DEL	chr12	51335644	chr12	51336530	886.0	True		False		5	0	5	-10,784	-2,257	-738,9	-243,2					5	0	5	0	0	0
20684	20684_1	20684_2	BND	chr12	51498796	chr14	72205977		True	True	False	True	7	0	7	-10,16	-2,14	-613,4	-132,0	-613,4	-132,0	-10,16	-2,14	6	0	6	1	0	1
7402	7402		DEL	chr12	55229893	chr12	55230736	843.0	True		False		5	0	5	-10,748	-2,246	-771,9	-252,2					5	0	5	0	0	0
7409	7409		DEL	chr12	58135031	chr12	58136051	1020.0	True		False		5	0	5	-10,703	-2,235	-771,9	-252,2					5	0	5	0	0	0
7411	7411		DEL	chr12	58658017	chr12	58658780	763.0	True		False		7	0	7	-10,671	-2,134	-599,9	-121,2					7	0	7	0	0	0
7415	7415		DEL	chr12	60451814	chr12	60452682	868.0	True		False		5	0	5	-10,776	-2,254	-722,9	-239,2					5	0	5	0	0	0
7424	7424		DEL	chr12	62482839	chr12	62483230	391.0	True		False		5	0	5	-10,355	-3,101	-225,9	-86,2					5	0	5	0	0	0
7440	7440		DEL	chr12	64676447	chr12	64676954	507.0	True		False		5	0	5	-10,406	-2,118	-393,9	-85,3					5	0	5	0	0	0
7461	7461		DEL	chr12	69163982	chr12	69165911	1929.0	True		False		3	2	5	-10,9	-1,1	-10,9	-1,1					3	2	5	0	0	0
7471	7471		DEL	chr12	70718136	chr12	70718582	446.0	True		False		5	0	5	-10,221	-2,101	-421,9	-120,2					5	0	5	0	0	0
7491	7491		DEL	chr12	74706435	chr12	74707336	901.0	True		False		5	0	5	-10,688	-2,233	-710,9	-237,2					5	0	5	0	0	0
7492	7492		DEL	chr12	75089837	chr12	75090212	375.0	True		False		5	0	5	-10,258	-2,105	-337,9	-112,2					5	0	5	0	0	0
7493	7493		DEL	chr12	75471580	chr12	75471906	326.0	True		False		5	0	5	-10,80	-2,51	-103,9	-59,2					5	0	5	0	0	0
7499	7499		DEL	chr12	77604075	chr12	77604604	529.0	True		False		6	0	6	-10,357	-3,73	-144,9	-70,2					6	0	6	0	0	0
7509	7509		DUP	chr12	79761109	chr12	79769027	7918.0	True		False		3	2	5	-10,4	-3,1	-9,9	0,2					3	2	5	0	0	0
7520	7520		DEL	chr12	83899155	chr12	83899838	683.0	True		False		5	0	5	-10,524	-2,157	-561,9	-178,2					5	0	5	0	0	0
7524	7524		DEL	chr12	84210696	chr12	84211520	824.0	True		False		5	0	5	-10,766	-2,251	-713,9	-237,2					5	0	5	0	0	0
7526	7526		DEL	chr12	84221216	chr12	84221327	111.0	True		False		1	15	16	-4,1	-1,0	-3,1	0,0					1	15	16	0	0	0
7557	7557		DEL	chr12	91628107	chr12	91628734	627.0	True		False		5	0	5	-10,557	-2,166	-537,9	-159,2					5	0	5	0	0	0
7568	7568		DEL	chr12	95616680	chr12	95618638	1958.0	False		False		4	4	8	-10,9	0,0	-10,9	0,0					4	4	8	0	0	0
7429	7429		DEL	chr12	97647634	chr12	97648473	839.0	True		False		5	0	5	-10,557	-2,178	-712,9	-191,1					5	0	5	0	0	0
7581	7581		DEL	chr12	98742336	chr12	98743080	744.0	True		False		6	0	6	-10,694	-2,234	-743,9	-245,2					6	0	6	0	0	0
7589	7589		DEL	chr12	102554289	chr12	102554982	693.0	True		False		5	0	5	-10,638	-2,161	-659,9	-183,2					5	0	5	0	0	0
7610	7610		DEL	chr12	106874756	chr12	106875403	647.0	True		False		6	0	6	-10,501	-3,183	-565,9	-217,2					5	0	5	1	0	1
7612	7612		DEL	chr12	107894515	chr12	107895212	697.0	True		False		5	0	5	-10,662	-2,181	-623,9	-160,2					5	0	5	0	0	0
7639	7639		DEL	chr12	116200497	chr12	116201274	777.0	True		False		5	0	5	-10,775	-2,257	-728,9	-241,2					5	0	5	0	0	0
7641	7641		DEL	chr12	116564084	chr12	116564641	557.0	True		False		5	0	5	-10,514	-2,152	-501,9	-152,2					5	0	5	0	0	0
7656	7656		DEL	chr12	119951113	chr12	119952103	990.0	True		False		3	2	5	-10,9	-1,1	-10,9	-1,1					3	2	5	0	0	0
7659	7659_1	7659_2	BND	chr12	120927620	chr12	120928153		False	False	False	True	3	7	10	-10,9	0,0	-6,4	0,0	-6,4	0,0	-10,9	0,0	3	7	10	0	0	0
7673	7673		INV	chr12	125307729	chr12	125308071	342.0	True		False		10	2	12	-10,0	-10,0	-10,9	-1,1					9	2	11	1	0	1
7677	7677		DEL	chr12	125715321	chr12	125715870	549.0	True		False		5	0	5	-10,292	-3,88	-418,9	-96,3					5	0	5	0	0	0
20669	20669_1	20669_2	BND	chr12	127008439	chr13	29659922		True	True	False	True	6	0	6	-8,614	-2,137	-458,9	-89,2	-458,9	-89,2	-8,614	-2,137	5	0	5	1	0	1
20680	20680_1	20680_2	BND	chr12	127157608	chr14	34444131		True	True	False	True	8	0	8	-528,9	-88,1	-786,9	-137,0	-786,9	-137,0	-528,9	-88,1	8	0	8	0	0	0
7698	7698		DEL	chr12	128447710	chr12	128447996	286.0	False		False		1	4	5	-10,8	0,0	-9,8	0,0					1	4	5	0	0	0
7700	7700		DEL	chr12	129388339	chr12	129388676	337.0	True		False		6	0	6	-10,105	-2,60	-158,9	-73,3					5	0	5	1	0	1
7694	7694		DEL	chr12	130563661	chr12	130564326	665.0	True		False		6	0	6	-10,549	-3,185	-504,9	-183,3					5	0	5	1	0	1
7747	7747		DEL	chr13	16009053	chr13	16015009	5956.0	True		False		9	0	9	-10,477	-2,101	-626,9	-98,2					8	0	8	1	0	1
20957	20957_1	20957_2	BND	chr13	16048547	chr14	16130658		True	True	False	True	6	0	6	-10,557	-2,113	-10,479	-2,84	-10,479	-2,84	-10,557	-2,113	5	0	5	1	0	1
7775	7775		DUP	chr13	16127816	chr13	16131001	3185.0	True		False		7	0	7	-527,9	-111,0	-10,538	-2,95					6	0	6	1	0	1
7820	7820		DEL	chr13	16147706	chr13	16212230	64524.0	True		False		10	0	10	-9,469	0,105	-472,9	-105,1					9	0	9	1	0	1
7818	7818		DUP	chr13	16201437	chr13	16208824	7387.0	True		False		8	0	8	-515,9	-95,2	-10,520	-1,118					7	0	7	1	0	1
21074	21074_1	21074_2	BND	chr13	16206983	chr21	10810396		True	True	False	True	6	0	6	-10,529	-2,87	-10,206	-2,93	-10,206	-2,93	-10,529	-2,87	6	0	6	0	0	0
21075	21075_1	21075_2	BND	chr13	16209352	chr21	10809878		True	True	False	True	6	0	6	-10,619	-2,132	-10,449	-1,107	-10,449	-1,107	-10,619	-2,132	5	0	5	1	0	1
21043	21043_1	21043_2	BND	chr13	16256451	chr20	28781440		True	True	False	True	6	0	6	-525,9	-169,2	-626,9	-168,2	-626,9	-168,2	-525,9	-169,2	5	0	5	1	0	1
7853	7853		DUP	chr13	16264901	chr13	16277627	12726.0	True		False		5	0	5	-737,9	-147,1	-10,689	-2,146					5	0	5	0	0	0
21057	21057_1	21057_2	BND	chr13	16273476	chr21	5312688		True	True	False	True	6	0	6	-9,611	-1,138	-231,9	-91,2	-231,9	-91,2	-9,611	-1,138	5	0	5	1	0	1
7862	7862		DEL	chr13	16345087	chr13	16624257	279170.0	True		False		6	0	6	-10,597	-2,102	-565,9	-112,2					5	0	5	1	0	1
7882	7882		DUP	chr13	16962262	chr13	17287646	325384.0	True		False		8	0	8	-626,9	-99,1	-10,519	-2,99					7	0	7	1	0	1
21063	21063_1	21063_2	BND	chr13	18198496	chr21	10339479		True	True	False	True	6	0	6	-399,9	-76,3	-603,9	-122,2	-603,9	-122,2	-399,9	-76,3	5	0	5	1	0	1
21058	21058_1	21058_2	BND	chr13	18212550	chr21	10272375		True	True	False	True	11	0	11	-10,272	-3,35	-394,9	-36,3	-394,9	-36,3	-10,272	-3,35	10	0	10	1	0	1
21053	21053_1	21053_2	BND	chr13	21242640	chr20	30837543		True	True	False	True	5	0	5	-537,9	-143,0	-10,692	-2,145	-10,692	-2,145	-537,9	-143,0	5	0	5	0	0	0
7907	7907		INV	chr13	22449570	chr13	22449664	94.0	True		False		9	0	9	-750,9	-135,1	0,9	0,3					9	0	9	0	0	0
7935	7935_1	7935_2	BND	chr13	24582762	chr13	24966230		True	True	False	True	8	0	8	-475,9	-69,3	-584,9	-101,2	-584,9	-101,2	-475,9	-69,3	7	0	7	1	0	1
7943	7943		DEL	chr13	27694006	chr13	27694911	905.0	True		False		8	5	13	-6,6	0,1	-5,5	0,0					8	5	13	0	0	0
7946	7946		DEL	chr13	28167947	chr13	28168650	703.0	True		False		5	0	5	-10,349	-2,116	-615,9	-153,2					5	0	5	0	0	0
7982	7982		DEL	chr13	37476786	chr13	37477054	268.0	True		False		5	0	5	-10,254	-3,87	-168,9	-69,3					5	0	5	0	0	0
20961	20961_1	20961_2	BND	chr13	37797020	chr14	53347989		True	True	False	True	3	3	6	-6,9	-1,1	-10,9	-1,1	-10,9	-1,1	-6,9	-1,1	3	3	6	0	0	0
21093	21093_1	21093_2	BND	chr13	38988602	chrX	90456802		True	True	False	True	4	2	6	0,6	0,3	-10,9	-1,1	-10,9	-1,1	0,6	0,3	3	2	5	1	0	1
7986	7986		DEL	chr13	39360121	chr13	39361343	1222.0	True		False		6	0	6	-10,388	-2,95	-283,9	-76,3					6	0	6	0	0	0
7963	7963		DEL	chr13	41025224	chr13	41025955	731.0	True		False		6	0	6	-10,605	-2,168	-683,9	-181,2					6	0	6	0	0	0
8010	8010		DEL	chr13	49377278	chr13	49379720	2442.0	True		False		4	1	5	-8,9	-1,4	-10,9	-3,1					4	1	5	0	0	0
8026	8026		DEL	chr13	56544754	chr13	56545319	565.0	True		False		5	0	5	-10,510	-2,135	-403,9	-132,1					5	0	5	0	0	0
8046	8046		DEL	chr13	61285059	chr13	61285340	281.0	True		False		5	0	5	-10,175	-3,72	-158,9	-67,3					5	0	5	0	0	0
8047	8047		DEL	chr13	61384279	chr13	61384907	628.0	True		False		11	0	11	-10,374	-3,45	-295,9	-53,3					10	0	10	1	0	1
21015	21015_1	21015_2	BND	chr13	63049772	chr17	22137430		True	True	False	True	13	0	13	-10,293	-3,36	-10,301	-3,42	-10,301	-3,42	-10,293	-3,36	12	0	12	1	0	1
21007	21007_1	21007_2	BND	chr13	63059790	chr17	22127538		True	True	False	True	7	0	7	-10,501	-2,75	-10,457	-3,78	-10,457	-3,78	-10,501	-2,75	6	0	6	1	0	1
8067	8067		DEL	chr13	66496169	chr13	66496870	701.0	True		False		6	0	6	-10,588	-2,161	-462,9	-153,2					5	0	5	1	0	1
8069	8069		DEL	chr13	66600648	chr13	66603289	2641.0	True		False		3	2	5	-10,9	-1,1	-10,8	-1,0					3	2	5	0	0	0
8072	8072		DEL	chr13	67752530	chr13	67752913	383.0	True		False		5	0	5	-10,266	-3,96	-117,9	-64,2					5	0	5	0	0	0
8086	8086		DEL	chr13	71374248	chr13	71374519	271.0	True		False		5	0	5	-10,34	-2,25	-155,9	-83,2					5	0	5	0	0	0
8113	8113		DEL	chr13	78552396	chr13	78552621	225.0	True		False		5	0	5	-10,31	-2,24	0,4	0,4					5	0	5	0	0	0
8114	8114		DEL	chr13	78932659	chr13	78933448	789.0	True		False		5	0	5	-10,746	-2,245	-705,9	-236,2					5	0	5	0	0	0
8120	8120		DUP	chr13	79652987	chr13	79719823	66836.0	False		False		10	9	19	-7,9	0,0	-10,8	0,0					10	9	19	0	0	0
8132	8132		DUP	chr13	83585495	chr13	83609994	24499.0	True		False		6	4	10	-8,7	0,0	-8,9	0,1					6	4	10	0	0	0
8134	8134_1	8134_2	BND	chr13	84707485	chr13	84707750		True	True	False	True	8	0	8	-10,29	0,29	-10,503	-2,99	-10,503	-2,99	-10,29	0,29	7	0	7	1	0	1
8135	8135		DEL	chr13	84974495	chr13	84974932	437.0	True		False		6	0	6	-10,342	-3,94	-203,9	-88,3					5	0	5	1	0	1
8137	8137_1	8137_2	BND	chr13	85730134	chr13	85730365		True	True	False	True	6	1	7	-10,9	-3,3	-10,9	-1,3	-10,9	-1,3	-10,9	-3,3	6	1	7	0	0	0
8139	8139		DEL	chr13	85985171	chr13	85985813	642.0	True		False		6	0	6	-10,640	-2,161	-428,9	-166,2					6	0	6	0	0	0
8141	8141_1	8141_2	BND	chr13	86498045	chr13	86498919		False	False	False	True	5	17	22	-3,1	0,0	-10,9	0,0	-10,9	0,0	-3,1	0,0	5	17	22	0	0	0
8150	8150_1	8150_2	BND	chr13	88458694	chr13	88460348		True	True	False	True	10	5	15	-4,0	-4,0	-10,9	0,0	-10,9	0,0	-4,0	-4,0	10	4	14	0	1	1
8159	8159		DEL	chr13	89837112	chr13	89837775	663.0	True		False		5	0	5	-10,594	-2,171	-573,9	-153,2					5	0	5	0	0	0
8163	8163		DEL	chr13	90740747	chr13	90741376	629.0	True		False		5	0	5	-10,627	-2,158	-389,9	-152,2					5	0	5	0	0	0
8166	8166		DEL	chr13	92200948	chr13	92201814	866.0	True		False		6	0	6	-10,622	-2,182	-682,9	-178,2					5	0	5	1	0	1
8168	8168		DEL	chr13	92789266	chr13	92790179	913.0	True		False		5	0	5	-10,761	-2,250	-668,9	-229,2					5	0	5	0	0	0
8171	8171_1	8171_2	BND	chr13	93429782	chr13	93518948		True	True	False	True	4	1	5	-10,9	-3,3	-9,9	-1,3	-9,9	-1,3	-10,9	-3,3	4	1	5	0	0	0
20962	20962_1	20962_2	BND	chr13	97571613	chr14	62561503		True	True	False	True	5	0	5	-580,9	-108,2	-8,724	0,164	-8,724	0,164	-580,9	-108,2	5	0	5	0	0	0
8187	8187		DEL	chr13	97877664	chr13	97880803	3139.0	True		False		4	1	5	-10,9	-2,3	-10,9	-3,0					4	1	5	0	0	0
8202	8202		DEL	chr13	102673952	chr13	102674083	131.0	True		False		5	0	5	-10,95	-2,51	-50,9	-35,2					5	0	5	0	0	0
8057	8057		DEL	chr13	105348660	chr13	105349749	1089.0	True		False		5	0	5	-10,787	-2,403	-788,9	-403,2					5	0	5	0	0	0
8228	8228		DEL	chr13	108979827	chr13	108980521	694.0	True		False		6	0	6	-10,528	-2,139	-513,9	-132,2					6	0	6	0	0	0
8246	8246		DEL	chr13	112313764	chr13	112314622	858.0	True		False		6	0	6	-10,765	-2,251	-689,9	-233,2					5	0	5	1	0	1
21251	21251_1	21251_2	BND	chr14	16129928	chr21	7970029		True	True	False	True	8	0	8	-381,9	-84,2	-10,499	-2,106	-10,499	-2,106	-381,9	-84,2	7	0	7	1	0	1
8285	8285		DEL	chr14	28400640	chr14	28402954	2314.0	False		False		1	5	6	-7,6	0,0	-7,6	0,0					1	5	6	0	0	0
21233	21233_1	21233_2	BND	chr14	28802451	chr18	34036682		False	False	False	True	7	6	13	-10,9	0,0	-4,4	0,0	-4,4	0,0	-10,9	0,0	7	6	13	0	0	0
8308	8308		DEL	chr14	34959608	chr14	34963247	3639.0	True		False		3	2	5	-10,9	-1,1	-10,9	-1,1					3	2	5	0	0	0
8310	8310		DEL	chr14	35598214	chr14	35598750	536.0	True		False		5	0	5	-10,456	-2,152	-381,9	-147,2					5	0	5	0	0	0
21229	21229_1	21229_2	BND	chr14	59750682	chr18	30490611		True	True	False	True	6	0	6	-582,9	-104,2	-753,9	-146,0	-753,9	-146,0	-582,9	-104,2	6	0	6	0	0	0
21228	21228_1	21228_2	BND	chr14	63561584	chr17	80321862		False	False	False	True	1	4	5	-8,8	0,0	-9,6	0,0	-9,6	0,0	-8,8	0,0	1	4	5	0	0	0
8388	8388		DEL	chr14	65852971	chr14	65853246	275.0	True		False		5	0	5	-10,246	-3,81	-90,9	-57,2					5	0	5	0	0	0
8412	8412_1	8412_2	BND	chr14	74780182	chr14	74780325		False	False	False	True	1	4	5	-9,6	0,0	-10,9	0,0	-10,9	0,0	-9,6	0,0	1	4	5	0	0	0
8432	8432		DEL	chr14	83025209	chr14	83025988	779.0	True		False		5	0	5	-10,761	-2,250	-730,9	-241,2					5	0	5	0	0	0
8436	8436		DEL	chr14	83699605	chr14	83699754	149.0	True		False		5	0	5	-10,57	-2,37	-105,9	-62,2					5	0	5	0	0	0
21253	21253_1	21253_2	BND	chr14	90445471	chr21	10753717		True	True	False	True	5	0	5	-681,9	-130,1	-10,725	0,160	-10,725	0,160	-681,9	-130,1	5	0	5	0	0	0
8462	8462		DEL	chr14	95097700	chr14	95098460	760.0	True		False		6	0	6	-10,647	-2,164	-591,9	-159,2					6	0	6	0	0	0
21381	21381_1	21381_2	BND	chr15	17022963	chr20	28785556		True	True	False	True	9	0	9	-10,437	-2,79	-10,462	-2,87	-10,462	-2,87	-10,437	-2,79	8	0	8	1	0	1
8557	8557		DEL	chr15	19564489	chr15	19640057	75568.0	True		False		13	0	13	-10,327	-3,42	-510,9	-64,2					12	0	12	1	0	1
8559	8559		DEL	chr15	19816873	chr15	19818827	1954.0	True		False		7	1	8	-10,9	-1,3	-10,9	-3,3					6	1	7	1	0	1
8635	8635		DEL	chr15	39063475	chr15	39064147	672.0	True		False		6	0	6	-10,591	-3,131	-573,9	-156,2					5	0	5	1	0	1
8636	8636		DEL	chr15	39227912	chr15	39228241	329.0	False		False		1	4	5	-10,8	0,0	-9,8	0,0					1	4	5	0	0	0
8657	8657		DEL	chr15	48511019	chr15	48511866	847.0	True		False		5	0	5	-10,510	-2,158	-540,9	-176,2					5	0	5	0	0	0
8673	8673		DEL	chr15	58304308	chr15	58304618	310.0	False		False		1	4	5	-10,8	0,0	-9,8	0,0					1	4	5	0	0	0
8679	8679		DEL	chr15	61966832	chr15	61967439	607.0	True		False		5	0	5	-10,472	-2,153	-567,9	-168,2					5	0	5	0	0	0
8680	8680		DEL	chr15	62413896	chr15	62415593	1697.0	True		False		4	2	6	-9,9	-1,1	-10,9	-1,1					4	2	6	0	0	0
8706	8706		DEL	chr15	73204340	chr15	73204907	567.0	True		False		6	0	6	-10,458	-2,109	-491,9	-102,3					5	0	5	1	0	1
8750	8750		DEL	chr15	85513780	chr15	85515967	2187.0	True		False		4	1	5	-10,9	-2,3	-10,9	-3,3					4	1	5	0	0	0
8798	8798		DEL	chr16	186068	chr16	187169	1101.0	True		False		6	0	6	-10,466	-1,101	-242,9	-95,2					5	0	5	1	0	1
8825	8825		DEL	chr16	11589903	chr16	11591438	1535.0	True		False		5	1	6	-10,9	-2,3	-10,9	-3,3					5	1	6	0	0	0
8827	8827		DEL	chr16	12955988	chr16	12956231	243.0	True		False		5	0	5	-10,124	-2,71	-158,9	-65,3					5	0	5	0	0	0
8872	8872		DEL	chr16	28598047	chr16	28610979	12932.0	True		False		6	0	6	-10,519	-3,74	-614,9	-102,2					6	0	6	0	0	0
21573	21573_1	21573_2	BND	chr16	34071580	chrY	11747752		True	True	False	True	9	0	9	-626,9	-121,0	-5,498	0,119	-5,498	0,119	-626,9	-121,0	8	0	8	1	0	1
21499	21499_1	21499_2	BND	chr16	34071636	chr17	21975877		True	True	False	True	6	0	6	-10,625	0,140	-61,9	-37,2	-61,9	-37,2	-10,625	0,140	5	0	5	1	0	1
21526	21526_1	21526_2	BND	chr16	34171037	chr20	30928546		True	True	False	True	8	0	8	-10,351	-3,54	-278,8	-78,1	-278,8	-78,1	-10,351	-3,54	7	0	7	1	0	1
8879	8879		DEL	chr16	36044529	chr16	36045332	803.0	True		False		5	0	5	-10,776	-2,254	-715,9	-238,2					5	0	5	0	0	0
8952	8952		DUP	chr16	37938864	chr16	38166637	227773.0	True		False		9	0	9	-541,9	-82,2	-10,473	-2,90					8	0	8	1	0	1
9000	9000		DUP	chr16	46386353	chr16	46390954	4601.0	True		False		9	0	9	-296,9	-112,2	-10,205	-3,61					8	0	8	1	0	1
9023	9023		DEL	chr16	46387088	chr16	46394457	7369.0	True		False		6	0	6	-10,53	-2,36	-352,9	-69,3					5	0	5	1	0	1
9064	9064		DUP	chr16	46387715	chr16	46401565	13850.0	True		False		6	0	6	-573,9	-95,0	-10,662	-2,132					6	0	6	0	0	0
9035	9035		DUP	chr16	46387797	chr16	46395095	7298.0	True		False		8	0	8	-524,9	-72,2	-10,492	-3,78					7	0	7	1	0	1
9061	9061		DEL	chr16	46389064	chr16	46400781	11717.0	True		False		6	0	6	-10,363	-2,92	-4,9	-4,3					5	0	5	1	0	1
9058	9058		DUP	chr16	46389245	chr16	46400945	11700.0	True		False		5	1	6	-10,9	-3,3	-10,9	-3,3					5	1	6	0	0	0
9076	9076		DEL	chr16	53442423	chr16	53443314	891.0	True		False		5	0	5	-10,787	-2,403	-788,9	-403,2					5	0	5	0	0	0
9077	9077		DEL	chr16	53655848	chr16	53656662	814.0	True		False		5	0	5	-10,603	-2,156	-493,9	-169,2					5	0	5	0	0	0
9084	9084		DEL	chr16	57572245	chr16	57573158	913.0	True		False		4	1	5	-10,9	-2,3	-10,9	-3,1					4	1	5	0	0	0
9123	9123		DEL	chr16	75904574	chr16	75905043	469.0	True		False		5	0	5	-10,312	-2,144	-270,9	-133,2					5	0	5	0	0	0
9142	9142		DEL	chr16	81230055	chr16	81230686	631.0	True		False		6	0	6	-10,524	-2,130	-447,9	-105,3					5	0	5	1	0	1
9190	9190		DEL	chr16	88796290	chr16	88797193	903.0	True		False		6	0	6	-10,461	-2,93	-510,9	-90,3					6	0	6	0	0	0
9240	9240		DEL	chr17	10900805	chr17	10901569	764.0	True		False		6	0	6	-10,571	-3,186	-551,9	-216,2					5	0	5	1	0	1
21774	21774_1	21774_2	BND	chr17	21906807	chrY	11706305		True	True	False	True	7	0	7	-10,625	0,112	-579,9	-106,2	-579,9	-106,2	-10,625	0,112	6	0	6	1	0	1
21766	21766_1	21766_2	BND	chr17	21976488	chrY	10999963		True	True	False	True	6	0	6	-10,625	0,140	-10,602	-2,134	-10,602	-2,134	-10,625	0,140	5	0	5	1	0	1
9332	9332		DUP	chr17	21985299	chr17	21992058	6759.0	True		False		5	2	7	0,1	0,1	-10,9	-1,1					4	2	6	1	0	1
9338	9338		DEL	chr17	22139256	chr17	22143674	4418.0	True		False		3	2	5	-10,9	-1,1	-10,9	-1,1					3	2	5	0	0	0
21762	21762_1	21762_2	BND	chr17	26940745	chrY	10934885		True	True	False	True	6	0	6	-10,157	-2,97	-10,615	-2,133	-10,615	-2,133	-10,157	-2,97	5	0	5	1	0	1
9423	9423		DEL	chr17	28453369	chr17	28456473	3104.0	False		False		2	4	6	-7,8	0,0	-9,6	0,0					2	4	6	0	0	0
9452	9452		DUP	chr17	41087575	chr17	41107614	20039.0	True		False		6	0	6	-516,9	-73,3	-10,602	-1,136					5	0	5	1	0	1
9470	9470		DEL	chr17	44440050	chr17	44441019	969.0	True		False		5	0	5	-10,755	-2,248	-703,9	-235,2					5	0	5	0	0	0
9471	9471		DEL	chr17	44464441	chr17	44464953	512.0	True		False		5	0	5	-10,187	-2,83	-465,9	-90,3					5	0	5	0	0	0
9497	9497		DEL	chr17	48538441	chr17	48539858	1417.0	False		False		2	4	6	-8,8	0,0	-9,7	0,0					2	4	6	0	0	0
9508	9508		DEL	chr17	51113939	chr17	51114597	658.0	True		False		6	0	6	-10,625	-2,206	-595,9	-187,3					5	0	5	1	0	1
9509	9509		DEL	chr17	51320011	chr17	51321058	1047.0	True		False		5	0	5	-10,787	-2,403	-788,9	-403,2					5	0	5	0	0	0
9514	9514		DEL	chr17	51914617	chr17	51915319	702.0	True		False		5	0	5	-10,630	-2,225	-675,9	-230,2					5	0	5	0	0	0
9521	9521		DEL	chr17	53294422	chr17	53294673	251.0	True		False		5	0	5	-10,231	-2,124	-69,9	-49,2					5	0	5	0	0	0
9526	9526		DEL	chr17	54647705	chr17	54648497	792.0	True		False		5	0	5	-10,692	-2,233	-740,9	-244,2					5	0	5	0	0	0
9534	9534		DEL	chr17	55837659	chr17	55838234	575.0	True		False		5	0	5	-10,548	-2,155	-525,9	-163,2					5	0	5	0	0	0
9548	9548		DEL	chr17	58427068	chr17	58427812	744.0	True		False		7	0	7	-10,416	-2,123	-599,9	-154,2					6	0	6	1	0	1
9556	9556		DEL	chr17	61072618	chr17	61073016	398.0	True		False		5	0	5	-10,368	-3,113	-123,9	-79,2					5	0	5	0	0	0
9562	9562		DEL	chr17	61892784	chr17	61894126	1342.0	True		False		5	0	5	-10,787	-2,403	-788,9	-403,2					5	0	5	0	0	0
9587	9587		DEL	chr17	65602491	chr17	65602833	342.0	True		False		6	0	6	-10,215	-3,81	-258,9	-68,3					5	0	5	1	0	1
9608	9608		DEL	chr17	70458956	chr17	70465035	6079.0	False		False		4	5	9	-7,6	0,0	-8,5	0,0					4	5	9	0	0	0
9628	9628		DEL	chr17	77239882	chr17	77240208	326.0	False		False		1	4	5	-8,8	0,0	-10,9	0,0					1	4	5	0	0	0
9679	9679		DEL	chr18	2087948	chr18	2088730	782.0	True		False		5	0	5	-10,595	-2,170	-647,9	-169,2					5	0	5	0	0	0
9687	9687		DEL	chr18	4995278	chr18	4996013	735.0	True		False		5	0	5	-10,631	-2,165	-642,9	-161,2					5	0	5	0	0	0
9690	9690		DEL	chr18	5324646	chr18	5326243	1597.0	True		False		6	2	8	-10,9	-1,1	-10,6	-1,0					6	2	8	0	0	0
9731	9731		DUP	chr18	15504121	chr18	15604810	100689.0	True		False		8	0	8	-616,9	-82,2	-10,625	-2,107					7	0	7	1	0	1
9732	9732		DUP	chr18	15507684	chr18	15666189	158505.0	True		False		6	0	6	-358,9	-83,3	-10,610	-2,135					5	0	5	1	0	1
9769	9769		DEL	chr18	26991656	chr18	26992377	721.0	True		False		3	2	5	-10,9	-1,1	-10,9	-1,1					3	2	5	0	0	0
9770	9770		DEL	chr18	28693044	chr18	28698448	5404.0	True		False		5	0	5	-10,568	-2,119	-196,9	-76,3					5	0	5	0	0	0
9784	9784_1	9784_2	BND	chr18	33967303	chr18	33991492		False	False	False	True	6	7	13	-10,9	0,0	-10,9	0,0	-10,9	0,0	-10,9	0,0	6	7	13	0	0	0
9785	9785		DEL	chr18	34033664	chr18	34043954	10290.0	True		False		7	2	9	-9,9	-1,1	-10,9	-1,1					7	2	9	0	0	0
9788	9788		DEL	chr18	34399450	chr18	34399694	244.0	True		False		5	0	5	-10,198	-3,82	-212,9	-75,3					5	0	5	0	0	0
21968	21968_1	21968_2	BND	chr18	37134040	chr19	33061235		True	True	False	True	1	4	5	-7,0	-7,0	-10,3	-1,0	-10,3	-1,0	-7,0	-7,0	1	4	5	0	0	0
9792	9792		DEL	chr18	37726097	chr18	37726669	572.0	True		False		6	3	9	-10,9	-1,1	-10,9	-1,1					6	3	9	0	0	0
9779	9779		DEL	chr18	39174212	chr18	39174957	745.0	True		False		5	0	5	-10,616	-2,174	-638,9	-165,2					5	0	5	0	0	0
9807	9807		DEL	chr18	44732029	chr18	44732654	625.0	True		False		5	0	5	-10,548	-2,131	-552,9	-131,2					5	0	5	0	0	0
9824	9824		DEL	chr18	51670361	chr18	51672503	2142.0	True		False		5	0	5	-10,349	-3,94	-632,9	-139,1					5	0	5	0	0	0
9829	9829		DEL	chr18	54186366	chr18	54187311	945.0	True		False		5	0	5	-10,768	-2,198	-592,9	-175,2					5	0	5	0	0	0
9835	9835		DEL	chr18	55921992	chr18	55923062	1070.0	True		False		5	0	5	-10,787	-2,403	-788,9	-403,2					5	0	5	0	0	0
9864	9864		DEL	chr18	66552470	chr18	66554016	1546.0	False		False		1	5	6	-7,6	0,0	-7,6	0,0					1	5	6	0	0	0
9876	9876		DEL	chr18	71411009	chr18	71411855	846.0	True		False		6	0	6	-10,571	-2,105	-580,9	-109,2					5	0	5	1	0	1
21999	21999_1	21999_2	BND	chr18	71705921	chrX	96910909		False	False	False	True	1	4	5	-8,8	0,0	-8,8	0,0	-8,8	0,0	-8,8	0,0	1	4	5	0	0	0
9878	9878		DEL	chr18	72234380	chr18	72235008	628.0	True		False		5	0	5	-10,579	-2,124	-434,9	-118,2					5	0	5	0	0	0
10045	10045_1	10045_2	BND	chr19	24123617	chr19	24123771		True	True	False	True	2	3	5	-10,8	-1,0	-10,6	-1,0	-10,6	-1,0	-10,8	-1,0	2	3	5	0	0	0
10047	10047		DEL	chr19	24356513	chr19	24356643	130.0	True		False		4	1	5	-10,9	-3,3	-10,8	-3,1					4	1	5	0	0	0
10001	10001		DEL	chr19	24363033	chr19	24363753	720.0	True		False		6	0	6	-10,662	-2,172	-669,9	-182,2					6	0	6	0	0	0
10049	10049		DEL	chr19	24373630	chr19	24373907	277.0	True		False		6	0	6	-10,219	-2,83	-96,9	-54,2					6	0	6	0	0	0
22128	22128_1	22128_2	BND	chr19	27345675	chr20	28764687		True	True	False	True	7	0	7	-442,9	-69,3	-10,617	-1,130	-10,617	-1,130	-442,9	-69,3	6	0	6	1	0	1
10065	10065		DEL	chr19	27357029	chr19	27357332	303.0	True		False		10	0	10	-10,139	-3,57	-291,9	-63,3					10	0	10	0	0	0
821	821_1	821_2	BND	chr2	4157846	chr2	4165086		True	True	False	True	4	1	5	-10,9	-2,3	-10,9	-3,3	-10,9	-3,3	-10,9	-2,3	4	1	5	0	0	0
13842	13842_1	13842_2	BND	chr2	5843061	chr6	109409241		False	False	False	True	1	4	5	-9,6	0,0	-8,8	0,0	-8,8	0,0	-9,6	0,0	1	4	5	0	0	0
849	849		DUP	chr2	12494597	chr2	12583113	88516.0	True		False		5	3	8	-10,4	-2,0	-9,9	-1,1					5	3	8	0	0	0
880	880		DEL	chr2	21681766	chr2	21681868	102.0	True		False		5	0	5	-10,9	-2,9	-2,9	-2,4					5	0	5	0	0	0
887	887		DEL	chr2	23883672	chr2	23883893	221.0	True		False		5	0	5	-10,84	-2,53	-92,9	-58,2					5	0	5	0	0	0
859	859		DEL	chr2	25869451	chr2	25870321	870.0	True		False		5	0	5	-10,298	-2,156	-473,9	-159,2					5	0	5	0	0	0
902	902		DEL	chr2	30524822	chr2	30526094	1272.0	True		False		7	0	7	-10,787	-2,403	-788,9	-403,2					6	0	6	1	0	1
14485	14485_1	14485_2	BND	chr2	31821092	chr15	83950940		True	True	False	True	7	0	7	-615,3	-132,0	-10,563	0,127	-10,563	0,127	-615,3	-132,0	6	0	6	1	0	1
14324	14324_1	14324_2	BND	chr2	32605374	chr12	57377116		True	True	False	True	1	4	5	-8,9	0,1	-9,6	0,0	-9,6	0,0	-8,9	0,1	1	4	5	0	0	0
13918	13918_1	13918_2	BND	chr2	32866732	chr7	84619742		True	True	False	True	6	0	6	-623,9	-92,2	-10,563	-2,101	-10,563	-2,101	-623,9	-92,2	6	0	6	0	0	0
13430	13430_1	13430_2	BND	chr2	32916230	chr3	93470799		True	True	False	True	50	0	50	-573,9	-10,4	-10,462	-1,14	-10,462	-1,14	-573,9	-10,4	50	0	50	0	0	0
14946	14946_1	14946_2	BND	chr2	32916230	chr20	63235399		True	True	False	True	6	0	6	-369,9	-74,3	-10,415	-3,83	-10,415	-3,83	-369,9	-74,3	5	0	5	1	0	1
921	921_1	921_2	BND	chr2	32916230	chr2	32916403		True	True	False	True	6	0	6	-594,9	-131,1	-19,9	-18,0	-19,9	-18,0	-594,9	-131,1	5	0	5	1	0	1
14402	14402_1	14402_2	BND	chr2	32916234	chr13	113800179		True	True	False	True	4	2	6	-2,5	-2,2	-10,9	-1,1	-10,9	-1,1	-2,5	-2,2	4	2	6	0	0	0
14101	14101_1	14101_2	BND	chr2	32916235	chr9	135663980		True	True	False	True	6	0	6	-521,9	-91,3	-10,272	-3,67	-10,272	-3,67	-521,9	-91,3	5	0	5	1	0	1
14374	14374_1	14374_2	BND	chr2	32916244	chr12	132502764		True	True	False	True	6	0	6	-510,9	-86,1	-416,9	-76,3	-416,9	-76,3	-510,9	-86,1	5	0	5	1	0	1
14690	14690_1	14690_2	BND	chr2	32916295	chr17	73757782		True	True	False	True	5	1	6	-10,9	-3,3	-10,9	-3,3	-10,9	-3,3	-10,9	-3,3	4	1	5	1	0	1
13958	13958_1	13958_2	BND	chr2	32916299	chr7	158595234		True	True	False	True	8	1	9	-10,7	-2,3	-10,9	-3,1	-10,9	-3,1	-10,7	-2,3	8	1	9	0	0	0
14556	14556_1	14556_2	BND	chr2	32916300	chr16	6000747		True	True	False	True	5	0	5	-623,9	-117,2	-10,680	-2,136	-10,680	-2,136	-623,9	-117,2	5	0	5	0	0	0
14349	14349_1	14349_2	BND	chr2	32916330	chr12	121514742		True	True	False	True	2	4	6	-10,736	-2,243	-10,553	-2,220	-10,553	-2,220	-10,736	-2,243	2	3	5	0	1	1
1112	1112_1	1112_2	BND	chr2	32916332	chr2	87429064		True	True	False	True	5	0	5	-10,711	-1,151	-10,383	-3,85	-10,383	-3,85	-10,711	-1,151	5	0	5	0	0	0
14204	14204_1	14204_2	BND	chr2	32916382	chr10	128464410		True	True	False	True	5	0	5	-680,9	-125,2	-677,9	-124,2	-677,9	-124,2	-680,9	-125,2	5	0	5	0	0	0
14580	14580_1	14580_2	BND	chr2	32916403	chr16	46390559		True	True	False	True	8	0	8	-626,9	-138,0	-290,9	-82,3	-290,9	-82,3	-626,9	-138,0	7	0	7	1	0	1
14670	14670_1	14670_2	BND	chr2	32916566	chr17	30679654		True	True	False	True	4	2	6	-10,9	-3,3	-10,9	-3,3	-10,9	-3,3	-10,9	-3,3	4	1	5	0	1	1
13952	13952_1	13952_2	BND	chr2	32916604	chr7	158085803		True	True	False	True	4	1	5	-4,9	-1,7	-10,9	-3,3	-10,9	-3,3	-4,9	-1,7	4	1	5	0	0	0
15116	15116_1	15116_2	BND	chr2	32916621	chrX	156030559		True	True	False	True	7	0	7	-10,447	-3,62	-608,9	-115,2	-608,9	-115,2	-10,447	-3,62	6	0	6	1	0	1
13915	13915_1	13915_2	BND	chr2	32916625	chr7	76997404		True	True	False	True	5	0	5	-10,494	-2,121	-120,9	-68,2	-120,9	-68,2	-10,494	-2,121	5	0	5	0	0	0
951	951		DEL	chr2	36660538	chr2	36661281	743.0	True		False		5	0	5	-10,700	-2,235	-699,9	-234,2					5	0	5	0	0	0
954	954		DEL	chr2	37291328	chr2	37292013	685.0	True		False		6	0	6	-10,420	-2,136	-604,9	-130,2					5	0	5	1	0	1
965	965		DEL	chr2	41548826	chr2	41554143	5317.0	True		False		6	2	8	-10,9	-1,1	-10,9	-1,0					6	2	8	0	0	0
968	968		DEL	chr2	41783172	chr2	41783511	339.0	True		False		5	0	5	-10,279	-2,99	-107,9	-54,3					5	0	5	0	0	0
13604	13604_1	13604_2	BND	chr2	41824264	chr4	65548213		True	True	False	True	6	0	6	-608,9	-124,0	-9,616	0,131	-9,616	0,131	-608,9	-124,0	5	0	5	1	0	1
986	986		DEL	chr2	48554713	chr2	48557728	3015.0	False		False		6	5	11	-7,6	0,0	-10,9	0,0					6	5	11	0	0	0
987	987		DEL	chr2	48837026	chr2	48838104	1078.0	True		False		5	0	5	-10,787	-2,403	-788,9	-403,2					5	0	5	0	0	0
993	993		DEL	chr2	50684428	chr2	50684979	551.0	True		False		7	0	7	-10,353	-2,104	-379,9	-97,2					7	0	7	0	0	0
14425	14425_1	14425_2	BND	chr2	53884451	chr14	39848192		True	True	False	True	7	0	7	-10,559	-2,127	-10,309	-2,78	-10,309	-2,78	-10,559	-2,127	6	0	6	1	0	1
1020	1020		DEL	chr2	58432087	chr2	58432963	876.0	True		False		5	0	5	-10,635	-2,182	-716,9	-181,2					5	0	5	0	0	0
14385	14385_1	14385_2	BND	chr2	59744985	chr13	54704324		False	False	False	True	16	10	26	-10,9	0,0	-10,9	0,0	-10,9	0,0	-10,9	0,0	16	10	26	0	0	0
1043	1043		DEL	chr2	66278462	chr2	66280421	1959.0	False		False		1	7	8	-5,4	0,0	-5,4	0,0					1	7	8	0	0	0
14362	14362_1	14362_2	BND	chr2	74561061	chr12	126832096		True	True	False	True	15	0	15	-586,9	-79,1	-299,9	-44,3	-299,9	-44,3	-586,9	-79,1	14	0	14	1	0	1
1070	1070		DEL	chr2	77026252	chr2	77026669	417.0	True		False		5	0	5	-10,367	-3,110	-239,9	-106,2					5	0	5	0	0	0
1076	1076		DEL	chr2	78830532	chr2	78830857	325.0	False		False		1	4	5	-10,9	0,0	-9,8	0,0					1	4	5	0	0	0
14558	14558_1	14558_2	BND	chr2	87907465	chr16	6743831		True	True	False	True	7	0	7	-8,577	-2,130	-531,9	-80,2	-531,9	-80,2	-8,577	-2,130	6	0	6	1	0	1
1123	1123		DEL	chr2	89775461	chr2	89775902	441.0	True		False		5	1	6	-10,9	-3,3	-10,9	-3,3					5	1	6	0	0	0
1129	1129		DEL	chr2	89811852	chr2	89814826	2974.0	True		False		3	2	5	-10,9	-1,1	-10,9	-1,1					3	2	5	0	0	0
13706	13706_1	13706_2	BND	chr2	89829135	chr5	49657956		True	True	False	True	4	1	5	-10,9	-3,3	-10,9	-3,3	-10,9	-3,3	-10,9	-3,3	4	1	5	0	0	0
13705	13705_1	13705_2	BND	chr2	89829263	chr5	49657403		True	True	False	True	5	1	6	0,8	0,8	-10,9	-3,3	-10,9	-3,3	0,8	0,8	4	1	5	1	0	1
13596	13596_1	13596_2	BND	chr2	89829741	chr4	49657699		True	True	False	True	6	0	6	-10,509	-3,74	-10,601	-2,132	-10,601	-2,132	-10,509	-3,74	5	0	5	1	0	1
13575	13575_1	13575_2	BND	chr2	89831032	chr4	49120421		True	True	False	True	6	2	8	-4,9	-1,6	-10,4	-5,1	-10,4	-5,1	-4,9	-1,6	5	2	7	1	0	1
15008	15008_1	15008_2	BND	chr2	89838730	chr21	10693265		True	True	False	True	5	1	6	-10,9	-3,3	-10,9	-3,3	-10,9	-3,3	-10,9	-3,3	5	1	6	0	0	0
1138	1138		DUP	chr2	90384120	chr2	90386252	2132.0	True		False		9	0	9	-286,9	-94,2	-10,352	-3,46					8	0	8	1	0	1
1152	1152		DEL	chr2	90393559	chr2	90395876	2317.0	True		False		6	0	6	-10,589	-2,114	-621,4	-140,0					5	0	5	1	0	1
1200	1200_1	1200_2	BND	chr2	97194676	chr2	97545915		True	True	False	True	12	0	12	-561,9	-61,2	-379,9	-56,3	-379,9	-56,3	-561,9	-61,2	11	0	11	1	0	1
15129	15129_1	15129_2	BND	chr2	109199384	chrY	11722135		True	True	False	True	6	0	6	-504,9	-89,2	-10,588	-2,113	-10,588	-2,113	-504,9	-89,2	5	0	5	1	0	1
13572	13572_1	13572_2	BND	chr2	109199454	chr4	49103881		True	True	False	True	5	0	5	-703,9	-139,2	-247,9	-72,3	-247,9	-72,3	-703,9	-139,2	5	0	5	0	0	0
14079	14079_1	14079_2	BND	chr2	115619090	chr9	128694938		True	True	False	True	6	0	6	-614,9	-124,2	-527,9	-96,2	-527,9	-96,2	-614,9	-124,2	5	0	5	1	0	1
1274	1274		DEL	chr2	125685674	chr2	125694254	8580.0	False		False		4	4	8	-7,8	0,0	-9,6	0,0					4	4	8	0	0	0
13456	13456_1	13456_2	BND	chr2	127338897	chr3	56359374		False	False	False	True	1	4	5	-8,8	0,0	-9,6	0,0	-9,6	0,0	-8,8	0,0	1	4	5	0	0	0
1300	1300_1	1300_2	BND	chr2	131129004	chr2	131129734		True	True	False	True	3	3	6	-10,5	-1,0	-10,9	-1,1	-10,9	-1,1	-10,5	-1,0	2	3	5	1	0	1
1327	1327		DEL	chr2	137692049	chr2	137692923	874.0	True		False		6	0	6	-10,721	-2,239	-763,9	-250,2					6	0	6	0	0	0
1330	1330		DEL	chr2	139481786	chr2	139482403	617.0	True		False		5	0	5	-10,268	-3,106	-603,9	-155,2					5	0	5	0	0	0
1354	1354_1	1354_2	BND	chr2	152604582	chr2	152604933		True	True	False	True	3	2	5	-10,9	-1,1	-10,8	-1,0	-10,8	-1,0	-10,9	-1,1	3	2	5	0	0	0
1363	1363		DEL	chr2	156684604	chr2	156684880	276.0	True		False		5	0	5	-10,61	-2,42	-33,9	-24,2					5	0	5	0	0	0
1379	1379		DEL	chr2	162809911	chr2	162810213	302.0	False		False		2	7	9	-10,9	0,0	-7,9	0,0					2	7	9	0	0	0
1389	1389_1	1389_2	BND	chr2	166437526	chr2	168401023		False	False	False	True	11	4	15	-10,9	0,0	-9,4	0,0	-9,4	0,0	-10,9	0,0	11	4	15	0	0	0
1390	1390_1	1390_2	BND	chr2	166515627	chr2	168459335		False	False	False	True	10	6	16	-10,9	0,0	-4,4	0,0	-4,4	0,0	-10,9	0,0	10	6	16	0	0	0
1409	1409		DEL	chr2	178198719	chr2	178199237	518.0	True		False		5	0	5	-10,516	-2,158	-420,9	-149,2					5	0	5	0	0	0
1422	1422		DUP	chr2	179157802	chr2	179237946	80144.0	False		False		13	7	20	-5,2	0,0	-10,9	0,0					13	7	20	0	0	0
1433	1433		DEL	chr2	183249878	chr2	183250427	549.0	True		False		6	0	6	-10,317	-2,116	-195,9	-83,3					5	0	5	1	0	1
1439	1439		DEL	chr2	186119472	chr2	186120437	965.0	True		False		5	0	5	-10,711	-2,237	-782,9	-256,2					5	0	5	0	0	0
1443	1443		DEL	chr2	188254891	chr2	188256255	1364.0	True		False		6	0	6	-10,709	-2,148	-677,9	-149,1					6	0	6	0	0	0
13820	13820_1	13820_2	BND	chr2	194703948	chr6	31429656		True	True	False	True	9	0	9	-379,9	-61,3	-533,9	-111,1	-533,9	-111,1	-379,9	-61,3	9	0	9	0	0	0
1468	1468		DEL	chr2	198794225	chr2	198794869	644.0	True		False		5	0	5	-10,563	-2,154	-586,9	-179,2					5	0	5	0	0	0
1473	1473		DEL	chr2	201856941	chr2	201857246	305.0	False		False		2	4	6	-10,9	0,0	-9,8	0,0					1	4	5	1	0	1
1481	1481		DEL	chr2	204719934	chr2	204720577	643.0	True		False		5	0	5	-10,641	-2,174	-550,9	-153,2					5	0	5	0	0	0
14146	14146_1	14146_2	BND	chr2	207151752	chr10	23864514		False	False	False	True	1	6	7	-10,9	0,0	0,7	0,0	0,7	0,0	-10,9	0,0	1	6	7	0	0	0
1501	1501		DEL	chr2	213828201	chr2	213828889	688.0	True		False		6	0	6	-10,626	-2,159	-588,9	-165,2					5	0	5	1	0	1
14873	14873_1	14873_2	BND	chr2	213886098	chr19	17293682		False	False	False	True	1	4	5	-8,8	0,0	-9,6	0,0	-9,6	0,0	-8,8	0,0	1	4	5	0	0	0
1508	1508		DEL	chr2	216293625	chr2	216294004	379.0	False		False		1	4	5	-10,8	0,0	-9,8	0,0					1	4	5	0	0	0
14629	14629_1	14629_2	BND	chr2	216382736	chr16	60406824		True	True	False	True	7	0	7	-626,9	-115,0	-5,574	0,132	-5,574	0,132	-626,9	-115,0	6	0	6	1	0	1
13898	13898_1	13898_2	BND	chr2	218932636	chr7	37293706		True	True	False	True	6	0	6	-8,613	0,138	-626,9	-102,2	-626,9	-102,2	-8,613	0,138	5	0	5	1	0	1
1526	1526		DEL	chr2	222895473	chr2	222897953	2480.0	False		False		5	4	9	-9,7	0,0	-9,4	0,0					5	4	9	0	0	0
14065	14065_1	14065_2	BND	chr2	223174982	chr9	106664396		True	True	False	True	3	2	5	-10,9	-1,1	-10,9	-1,1	-10,9	-1,1	-10,9	-1,1	3	2	5	0	0	0
13996	13996_1	13996_2	BND	chr2	227956174	chr8	83883169		True	True	False	True	5	0	5	-624,9	-105,2	-774,9	-161,1	-774,9	-161,1	-624,9	-105,2	5	0	5	0	0	0
14726	14726_1	14726_2	BND	chr2	230497616	chr17	79652585		True	True	False	True	10	0	10	-5,477	0,124	-457,9	-52,3	-457,9	-52,3	-5,477	0,124	10	0	10	0	0	0
14332	14332_1	14332_2	BND	chr2	230499513	chr12	92419004		True	True	False	True	3	3	6	-10,9	-1,0	-10,9	-1,0	-10,9	-1,0	-10,9	-1,0	3	3	6	0	0	0
15087	15087_1	15087_2	BND	chr2	230499516	chrX	54910717		True	True	False	True	7	0	7	-10,609	-1,138	-786,9	-143,0	-786,9	-143,0	-10,609	-1,138	7	0	7	0	0	0
1607	1607_1	1607_2	BND	chr2	241781633	chr2	241789961		True	True	False	True	8	0	8	-526,9	-87,2	-344,9	-79,1	-344,9	-79,1	-526,9	-87,2	7	0	7	1	0	1
10258	10258		DEL	chr20	15321088	chr20	15323122	2034.0	True		False		2	3	5	-9,9	-1,1	-10,8	-1,0					2	3	5	0	0	0
10284	10284		DEL	chr20	21869265	chr20	21869551	286.0	True		False		2	3	5	-10,9	-1,1	-10,9	-1,1					2	3	5	0	0	0
10290	10290		DEL	chr20	24247724	chr20	24248628	904.0	True		False		6	0	6	-10,625	-2,325	-626,9	-325,2					5	0	5	1	0	1
10377	10377_1	10377_2	BND	chr20	25914764	chr20	29647137		True	True	False	True	10	0	10	-10,616	-2,119	-10,600	-2,113	-10,600	-2,113	-10,616	-2,119	9	0	9	1	0	1
22338	22338_1	22338_2	BND	chr20	25996034	chr22	50583415		True	True	False	True	1	4	5	-7,9	0,1	-8,7	0,1	-8,7	0,1	-7,9	0,1	1	4	5	0	0	0
10308	10308		DUP	chr20	26570685	chr20	26578735	8050.0	True		False		6	0	6	-469,9	-88,2	-10,591	-2,114					5	0	5	1	0	1
10418	10418_1	10418_2	BND	chr20	28557705	chr20	30424523		True	True	False	True	8	0	8	-472,9	-90,2	-589,9	-105,2	-589,9	-105,2	-472,9	-90,2	7	0	7	1	0	1
10321	10321		DEL	chr20	28808810	chr20	28809329	519.0	True		False		6	0	6	-10,54	-2,38	-148,9	-78,2					6	0	6	0	0	0
22292	22292_1	22292_2	BND	chr20	28905721	chr21	7327864		True	True	False	True	6	0	6	-10,490	-1,128	-10,470	-2,102	-10,470	-2,102	-10,490	-1,128	6	0	6	0	0	0
22372	22372_1	22372_2	BND	chr20	29268502	chrY	10224985		True	True	False	True	9	0	9	-10,427	-2,86	-10,109	-2,68	-10,109	-2,68	-10,427	-2,86	9	0	9	0	0	0
10453	10453		DUP	chr20	31053747	chr20	31059808	6061.0	True		False		6	0	6	-589,9	-115,2	-10,222	-3,64					5	0	5	1	0	1
10470	10470		DEL	chr20	31055533	chr20	31063450	7917.0	True		False		8	0	8	-10,484	-2,82	-230,9	-76,2					7	0	7	1	0	1
10455	10455		DUP	chr20	31057504	chr20	31060722	3218.0	True		False		5	0	5	-155,9	-96,2	-10,640	-2,123					5	0	5	0	0	0
10562	10562		DEL	chr20	31058340	chr20	31074197	15857.0	True		False		5	0	5	-10,684	-2,183	-679,9	-186,2					5	0	5	0	0	0
10525	10525		DEL	chr20	31069637	chr20	31070626	989.0	True		False		9	1	10	-10,9	-3,3	-10,9	-3,3					8	1	9	1	0	1
10579	10579		DUP	chr20	31073986	chr20	31075654	1668.0	True		False		5	0	5	-587,9	-92,3	-10,178	-2,91					5	0	5	0	0	0
10604	10604		DEL	chr20	31074328	chr20	31186992	112664.0	True		False		6	0	6	-10,571	-1,120	-578,9	-118,2					5	0	5	1	0	1
10590	10590		DEL	chr20	31170903	chr20	31177567	6664.0	True		False		6	0	6	-10,503	-2,97	-322,9	-93,2					5	0	5	1	0	1
10717	10717		DEL	chr21	8995510	chr21	8996700	1190.0	True		False		6	0	6	-10,428	-1,94	-253,9	-89,2					5	0	5	1	0	1
22748	22748_1	22748_2	BND	chr21	10448442	chr22	10758723		True	True	False	True	7	0	7	-300,19	-154,11	-82,35	-68,26	-82,35	-68,26	-300,19	-154,11	6	0	6	1	0	1
10727	10727		DEL	chr21	10654991	chr21	10655893	902.0	True		False		5	0	5	-10,460	-2,131	-300,9	-126,2					5	0	5	0	0	0
10738	10738		DEL	chr21	10709071	chr21	10710376	1305.0	True		False		5	0	5	-10,787	-2,403	-788,9	-403,2					5	0	5	0	0	0
10773	10773		DEL	chr21	17240014	chr21	17241315	1301.0	False		False		8	5	13	-5,6	0,0	-10,9	0,0					8	5	13	0	0	0
10777	10777		DEL	chr21	19328317	chr21	19332821	4504.0	True		False		4	1	5	-10,9	-2,3	-10,9	-3,1					4	1	5	0	0	0
10779	10779		DEL	chr21	20820830	chr21	20821627	797.0	True		False		6	0	6	-10,443	-2,154	-536,9	-161,2					5	0	5	1	0	1
10797	10797		DUP	chr21	30570847	chr21	30571300	453.0	True		False		5	0	5	-662,9	-140,2	-10,683	-2,140					5	0	5	0	0	0
10815	10815		DEL	chr21	40214952	chr21	40215263	311.0	False		False		1	6	7	-10,9	0,0	-10,9	0,0					1	6	7	0	0	0
10869	10869_1	10869_2	BND	chr22	11330432	chr22	11549332		True	True	False	True	6	0	6	-10,596	-2,129	-10,595	-2,105	-10,595	-2,105	-10,596	-2,129	5	0	5	1	0	1
10879	10879		DEL	chr22	19483838	chr22	19484309	471.0	True		False		5	0	5	-10,110	-2,68	-137,9	-81,2					5	0	5	0	0	0
10899	10899		DUP	chr22	22350374	chr22	22373250	22876.0	True		False		5	0	5	-558,9	-119,2	-10,601	-2,100					5	0	5	0	0	0
10942	10942		DEL	chr22	31380433	chr22	31384639	4206.0	False		False		2	4	6	-10,9	0,0	-10,9	0,0					2	4	6	0	0	0
10985	10985		DEL	chr22	45304588	chr22	45305173	585.0	True		False		5	0	5	-10,330	-3,91	-282,9	-105,2					5	0	5	0	0	0
1649	1649		DEL	chr3	14154792	chr3	14154878	86.0	True		False		3	3	6	-7,8	-1,2	-10,9	-1,1					2	3	5	1	0	1
1664	1664		DEL	chr3	21063625	chr3	21063723	98.0	True		False		6	0	6	-8,0	-8,0	-92,9	-38,3					5	0	5	1	0	1
1667	1667		DEL	chr3	22050869	chr3	22056303	5434.0	True		False		4	3	7	-8,9	0,1	-10,9	-1,0					4	3	7	0	0	0
1669	1669_1	1669_2	BND	chr3	22709664	chr3	22741124		True	True	False	True	9	0	9	-10,474	-2,89	-10,476	-1,103	-10,476	-1,103	-10,474	-2,89	8	0	8	1	0	1
1677	1677		DEL	chr3	24989396	chr3	24990758	1362.0	True		False		2	3	5	-9,9	-1,1	-10,9	-1,0					2	3	5	0	0	0
1687	1687		DEL	chr3	30917093	chr3	30917309	216.0	True		False		5	0	5	-10,93	-2,52	-205,9	-91,2					5	0	5	0	0	0
15620	15620_1	15620_2	BND	chr3	39794483	chr13	65889126		False	False	False	True	1	4	5	-8,8	0,0	-8,8	0,0	-8,8	0,0	-8,8	0,0	1	4	5	0	0	0
1707	1707		DEL	chr3	41550153	chr3	41551227	1074.0	True		False		3	2	5	-10,9	-1,1	-10,9	-1,1					3	2	5	0	0	0
1720	1720		DEL	chr3	47901526	chr3	47902323	797.0	True		False		5	0	5	-10,680	-2,231	-729,9	-241,2					5	0	5	0	0	0
15525	15525_1	15525_2	BND	chr3	53186833	chr9	114765825		False	False	False	True	1	4	5	-8,8	0,0	-8,8	0,0	-8,8	0,0	-8,8	0,0	1	4	5	0	0	0
1774	1774		DEL	chr3	65203195	chr3	65229073	25878.0	True		False		5	0	5	-10,307	-3,95	-353,9	-141,0					5	0	5	0	0	0
1782	1782		DEL	chr3	68585622	chr3	68591102	5480.0	True		False		4	2	6	-10,9	-1,1	-10,9	-1,1					4	2	6	0	0	0
1785	1785		DEL	chr3	71939251	chr3	71939771	520.0	True		False		6	0	6	-10,455	-3,180	-519,9	-211,2					5	0	5	1	0	1
15736	15736_1	15736_2	BND	chr3	75684509	chr20	29396139		True	True	False	True	6	0	6	-569,9	-104,2	-661,9	-129,2	-661,9	-129,2	-569,9	-104,2	6	0	6	0	0	0
1802	1802		DEL	chr3	80013715	chr3	80015319	1604.0	True		False		8	0	8	-5,533	0,120	-484,9	-89,0					7	0	7	1	0	1
15500	15500_1	15500_2	BND	chr3	83872973	chr8	138896886		False	False	False	True	1	4	5	-9,6	0,0	-8,8	0,0	-8,8	0,0	-9,6	0,0	1	4	5	0	0	0
15538	15538_1	15538_2	BND	chr3	86384963	chr10	103909452		True	True	False	True	7	0	7	-748,9	-132,1	-509,9	-94,2	-509,9	-94,2	-748,9	-132,1	7	0	7	0	0	0
1823	1823		DEL	chr3	90410147	chr3	90411039	892.0	True		False		7	0	7	-10,588	-2,91	-180,9	-52,2					7	0	7	0	0	0
1825	1825		DEL	chr3	90503660	chr3	90504473	813.0	True		False		5	0	5	-10,713	-2,237	-762,9	-250,2					5	0	5	0	0	0
1828	1828		DEL	chr3	90549983	chr3	90550673	690.0	True		False		5	0	5	-10,546	-2,109	-491,9	-106,2					5	0	5	0	0	0
15404	15404_1	15404_2	BND	chr3	90600299	chr6	60236389		True	True	False	True	5	0	5	-705,9	-141,2	-675,9	-138,2	-675,9	-138,2	-705,9	-141,2	5	0	5	0	0	0
1846	1846		DUP	chr3	90823858	chr3	91030238	206380.0	True		False		5	0	5	-700,9	-143,2	-10,669	-2,129					5	0	5	0	0	0
1849	1849		DEL	chr3	90845655	chr3	91075958	230303.0	True		False		6	0	6	-10,564	-2,108	-520,9	-108,2					5	0	5	1	0	1
1845	1845		DUP	chr3	90913521	chr3	91000087	86566.0	True		False		9	0	9	-578,9	-97,1	-10,466	-2,92					8	0	8	1	0	1
15594	15594_1	15594_2	BND	chr3	91520573	chr12	34695308		True	True	False	True	5	0	5	-10,695	-2,141	-10,706	-1,153	-10,706	-1,153	-10,695	-2,141	5	0	5	0	0	0
15326	15326_1	15326_2	BND	chr3	93470361	chr4	49709089		True	True	False	True	10	3	13	-10,9	-1,1	-10,6	-1,0	-10,6	-1,0	-10,9	-1,1	9	3	12	1	0	1
15469	15469_1	15469_2	BND	chr3	93470361	chr8	43241288		True	True	False	True	6	1	7	-10,9	-3,1	-10,9	-3,3	-10,9	-3,3	-10,9	-3,1	5	1	6	1	0	1
15467	15467_1	15467_2	BND	chr3	93470361	chr8	43240952		False	False	False	True	1	7	8	-5,3	0,0	-6,3	0,0	-6,3	0,0	-5,3	0,0	1	6	7	0	1	1
15468	15468_1	15468_2	BND	chr3	93470361	chr8	43238141		False	False	False	True	3	9	12	-6,3	0,0	-10,9	0,0	-10,9	0,0	-6,3	0,0	3	9	12	0	0	0
15633	15633_1	15633_2	BND	chr3	93470361	chr14	16096506		True	True	False	True	12	3	15	-10,4	-1,0	0,8	0,1	0,8	0,1	-10,4	-1,0	11	3	14	1	0	1
15471	15471_1	15471_2	BND	chr3	93470364	chr8	43240749		True	True	False	True	7	0	7	-520,9	-89,2	-562,9	-108,2	-562,9	-108,2	-520,9	-89,2	6	0	6	1	0	1
15475	15475_1	15475_2	BND	chr3	93470384	chr8	43238810		True	True	False	True	10	0	10	-447,9	-67,1	-10,365	-3,63	-10,365	-3,63	-447,9	-67,1	9	0	9	1	0	1
15634	15634_1	15634_2	BND	chr3	93470788	chr14	16092302		False	False	False	True	1	16	17	-3,1	0,0	-6,7	0,0	-6,7	0,0	-3,1	0,0	1	15	16	0	1	1
15595	15595_1	15595_2	BND	chr3	93783044	chr12	37739261		True	True	False	True	9	0	9	-626,9	-120,0	-561,9	-73,2	-561,9	-73,2	-626,9	-120,0	8	0	8	1	0	1
1920	1920		DEL	chr3	94471135	chr3	94472239	1104.0	True		False		5	0	5	-10,787	-2,403	-788,9	-403,2					5	0	5	0	0	0
1926	1926		DUP	chr3	95749272	chr3	95752156	2884.0	True		False		3	3	6	-10,9	-1,0	-10,9	-1,1					3	3	6	0	0	0
1936	1936		DEL	chr3	99224962	chr3	99230671	5709.0	False		False		8	4	12	-5,7	0,0	-10,9	0,0					8	4	12	0	0	0
1944	1944		DEL	chr3	100802785	chr3	100803663	878.0	True		False		4	2	6	-10,9	-1,1	-10,9	-1,1					4	2	6	0	0	0
1948	1948		DEL	chr3	103091520	chr3	103091819	299.0	False		False		2	4	6	-10,8	0,0	-9,8	0,0					1	4	5	1	0	1
1970	1970		DEL	chr3	111687619	chr3	111688486	867.0	True		False		5	0	5	-10,787	-2,403	-788,9	-403,2					5	0	5	0	0	0
1974	1974		DEL	chr3	114590964	chr3	114591677	713.0	True		False		5	0	5	-10,653	-2,228	-660,9	-228,2					5	0	5	0	0	0
2027	2027_1	2027_2	BND	chr3	133129904	chr3	133129957		True	True	False	True	6	0	6	-620,9	-132,2	0,8	0,3	0,8	0,3	-620,9	-132,2	5	0	5	1	0	1
15771	15771_1	15771_2	BND	chr3	135864705	chr21	44980363		False	False	False	True	1	4	5	-9,6	0,0	-9,6	0,0	-9,6	0,0	-9,6	0,0	1	4	5	0	0	0
2035	2035		DEL	chr3	137353524	chr3	137354604	1080.0	False		False		10	4	14	-10,9	0,0	-10,9	0,0					10	4	14	0	0	0
2056	2056		DEL	chr3	148563653	chr3	148567632	3979.0	False		False		5	8	13	-10,9	0,0	-10,9	0,0					5	8	13	0	0	0
2069	2069		DEL	chr3	156913204	chr3	156914005	801.0	True		False		5	0	5	-10,611	-2,169	-750,9	-193,2					5	0	5	0	0	0
2075	2075		DEL	chr3	161132522	chr3	161133082	560.0	True		False		5	0	5	-10,494	-2,152	-443,9	-154,2					5	0	5	0	0	0
2084	2084		DEL	chr3	162775463	chr3	162776334	871.0	True		False		5	0	5	-10,785	-2,257	-740,9	-244,2					5	0	5	0	0	0
2085	2085_1	2085_2	BND	chr3	162827575	chr3	162829871		True	True	False	True	4	2	6	-10,9	-1,0	-10,9	-1,1	-10,9	-1,1	-10,9	-1,0	4	2	6	0	0	0
2105	2105_1	2105_2	BND	chr3	172455537	chr3	172456236		False	False	False	True	6	4	10	-8,8	0,0	-10,9	0,0	-10,9	0,0	-8,8	0,0	6	4	10	0	0	0
15356	15356_1	15356_2	BND	chr3	174229257	chr4	121671837		False	False	False	True	1	4	5	-8,8	0,0	-8,8	0,0	-8,8	0,0	-8,8	0,0	1	4	5	0	0	0
2108	2108		DEL	chr3	174235014	chr3	174235798	784.0	True		False		5	0	5	-10,652	-2,227	-604,9	-223,2					5	0	5	0	0	0
15711	15711_1	15711_2	BND	chr3	176233748	chr19	51062065		True	True	False	True	6	0	6	-622,9	-100,0	-10,625	0,140	-10,625	0,140	-622,9	-100,0	5	0	5	1	0	1
15502	15502_1	15502_2	BND	chr3	181791737	chr9	664915		False	False	False	True	1	4	5	-8,8	0,0	-8,8	0,0	-8,8	0,0	-8,8	0,0	1	4	5	0	0	0
2126	2126		DEL	chr3	183641995	chr3	183642799	804.0	True		False		5	0	5	-10,641	-2,165	-753,9	-192,2					5	0	5	0	0	0
15495	15495_1	15495_2	BND	chr3	183649569	chr8	92549448		False	False	False	True	1	4	5	-8,8	0,0	-8,8	0,0	-8,8	0,0	-8,8	0,0	1	4	5	0	0	0
2209	2209		DUP	chr3	197384475	chr3	197386765	2290.0	True		False		10	0	10	-442,9	-77,2	-10,118	-1,45					10	0	10	0	0	0
16674	16674_1	16674_2	BND	chr4	5317758	chr12	65425598		False	False	False	True	1	4	5	-9,6	0,0	-8,8	0,0	-8,8	0,0	-9,6	0,0	1	4	5	0	0	0
16789	16789_1	16789_2	BND	chr4	29645974	chr17	44129454		True	True	False	True	6	0	6	-586,9	-102,2	-10,597	-2,119	-10,597	-2,119	-586,9	-102,2	5	0	5	1	0	1
2310	2310		DEL	chr4	29659500	chr4	29659815	315.0	False		False		2	5	7	-10,9	0,0	-8,5	0,0					2	5	7	0	0	0
16434	16434_1	16434_2	BND	chr4	35465065	chr7	42603440		False	False	False	True	1	4	5	-8,8	0,0	-9,6	0,0	-9,6	0,0	-8,8	0,0	1	4	5	0	0	0
2436	2436		DUP	chr4	49091838	chr4	49106867	15029.0	True		False		5	0	5	-565,9	-125,2	-10,263	-2,116					5	0	5	0	0	0
16289	16289_1	16289_2	BND	chr4	49097147	chr5	49661838		True	True	False	True	9	0	9	-246,9	-61,3	-10,421	-3,59	-10,421	-3,59	-246,9	-61,3	8	0	8	1	0	1
17014	17014_1	17014_2	BND	chr4	49097186	chrY	11721926		True	True	False	True	8	0	8	-284,9	-47,3	-568,9	-118,1	-568,9	-118,1	-284,9	-47,3	8	0	8	0	0	0
2403	2403		DUP	chr4	49098573	chr4	49100367	1794.0	True		False		6	1	7	-10,9	-3,3	-10,9	-3,3					5	1	6	1	0	1
2539	2539		DUP	chr4	49102290	chr4	49142172	39882.0	True		False		6	0	6	-626,9	-113,0	-10,615	-2,134					5	0	5	1	0	1
2623	2623		INV	chr4	49116011	chr4	49634908	518897.0	True		False		6	0	6	-18,62	-17,33	-17,56	-15,38					5	0	5	1	0	1
16580	16580_1	16580_2	BND	chr4	49116912	chr10	41883685		True	True	False	True	4	1	5	-10,9	-3,3	-10,9	-3,3	-10,9	-3,3	-10,9	-3,3	4	1	5	0	0	0
2556	2556		DEL	chr4	49136096	chr4	49147272	11176.0	True		False		5	0	5	-7,728	0,164	-601,9	-141,1					5	0	5	0	0	0
16244	16244_1	16244_2	BND	chr4	49149386	chr5	49657808		True	True	False	True	6	0	6	-616,9	-144,2	-10,101	-2,64	-10,101	-2,64	-616,9	-144,2	5	0	5	1	0	1
17008	17008_1	17008_2	BND	chr4	49149534	chrY	11643796		True	True	False	True	5	0	5	-10,722	-1,160	-10,711	-1,157	-10,711	-1,157	-10,722	-1,160	5	0	5	0	0	0
16862	16862_1	16862_2	BND	chr4	49150228	chr20	31068603		True	True	False	True	6	0	6	-426,78	-184,73	-165,116	-112,107	-165,116	-112,107	-426,78	-184,73	5	0	5	1	0	1
16997	16997_1	16997_2	BND	chr4	49153285	chrY	10999841		True	True	False	True	7	0	7	-10,621	-2,130	-584,9	-117,2	-584,9	-117,2	-10,621	-2,130	6	0	6	1	0	1
16878	16878_1	16878_2	BND	chr4	49640924	chr20	31185317		True	True	False	True	10	0	10	-623,9	-114,1	-10,417	-2,77	-10,417	-2,77	-623,9	-114,1	9	0	9	1	0	1
2742	2742		DUP	chr4	49709078	chr4	49710145	1067.0	True		False		12	0	12	-424,9	-34,3	-10,172	-3,41					12	0	12	0	0	0
2746	2746		DUP	chr4	49709317	chr4	49711802	2485.0	True		False		26	0	26	-297,9	-73,2	-10,264	-2,53					26	0	26	0	0	0
2747	2747		DEL	chr4	49709584	chr4	49711578	1994.0	True		False		22	0	22	-10,319	-2,57	-526,9	-74,2					21	0	21	1	0	1
16704	16704_1	16704_2	BND	chr4	49710155	chr14	16093459		True	True	False	True	7	0	7	-10,40	-1,28	-10,418	-2,96	-10,418	-2,96	-10,40	-1,28	6	0	6	1	0	1
2743	2743		DUP	chr4	49710348	chr4	49711650	1302.0	True		False		6	0	6	-343,9	-116,1	-10,30	-2,23					5	0	5	1	0	1
2753	2753_1	2753_2	BND	chr4	51107134	chr4	51107578		True	True	False	True	6	0	6	-10,208	-1,120	-10,667	0,134	-10,667	0,134	-10,208	-1,120	6	0	6	0	0	0
16380	16380_1	16380_2	BND	chr4	51887617	chr5	58520149		False	False	False	True	1	4	5	-9,6	0,0	-9,6	0,0	-9,6	0,0	-9,6	0,0	1	4	5	0	0	0
2770	2770		DEL	chr4	58021110	chr4	58022168	1058.0	True		False		4	1	5	-10,9	-1,3	-10,9	-3,3					4	1	5	0	0	0
2782	2782		DEL	chr4	62132222	chr4	62132403	181.0	True		False		5	0	5	-10,114	-2,60	-94,9	-55,2					5	0	5	0	0	0
16957	16957_1	16957_2	BND	chr4	63848919	chrX	125275365		True	True	False	True	6	0	6	-710,4	-152,0	-10,434	0,124	-10,434	0,124	-710,4	-152,0	6	0	6	0	0	0
2803	2803_1	2803_2	BND	chr4	69227768	chr4	69264232		True	True	False	True	5	0	5	-10,669	-2,131	-10,671	-2,132	-10,671	-2,132	-10,669	-2,131	5	0	5	0	0	0
2806	2806_1	2806_2	BND	chr4	69241652	chr4	69308056		True	True	False	True	6	0	6	-531,9	-80,1	-641,9	-116,2	-641,9	-116,2	-531,9	-80,1	6	0	6	0	0	0
2815	2815_1	2815_2	BND	chr4	71685059	chr4	71685184		False	False	False	True	7	5	12	-10,3	0,0	-8,2	0,0	-8,2	0,0	-10,3	0,0	6	5	11	1	0	1
2817	2817		DEL	chr4	72028082	chr4	72028408	326.0	True		False		5	0	5	-10,215	-2,121	-325,9	-142,2					5	0	5	0	0	0
16795	16795_1	16795_2	BND	chr4	74680503	chr18	25887714		True	True	False	True	7	0	7	-626,9	-132,0	-439,9	-86,2	-439,9	-86,2	-626,9	-132,0	6	0	6	1	0	1
2847	2847		DEL	chr4	86055224	chr4	86058798	3574.0	True		False		5	3	8	-7,9	-1,1	-10,6	-1,0					5	3	8	0	0	0
2854	2854_1	2854_2	BND	chr4	87926012	chr4	87937548		True	True	False	True	4	3	7	-10,7	-1,0	-10,9	-1,1	-10,9	-1,1	-10,7	-1,0	4	3	7	0	0	0
2876	2876_1	2876_2	BND	chr4	92647306	chr4	92649137		True	True	False	True	6	0	6	-7,630	0,139	-6,675	0,152	-6,675	0,152	-7,630	0,139	6	0	6	0	0	0
2900	2900		DEL	chr4	103972889	chr4	103973523	634.0	True		False		3	2	5	-10,9	-1,1	-10,9	-1,1					3	2	5	0	0	0
2927	2927		DEL	chr4	118204260	chr4	118209044	4784.0	True		False		3	2	5	-10,9	-1,1	-10,9	-1,1					3	2	5	0	0	0
2963	2963		DEL	chr4	137215177	chr4	137216010	833.0	True		False		5	0	5	-10,675	-2,230	-721,9	-239,2					5	0	5	0	0	0
16701	16701_1	16701_2	BND	chr4	144973168	chr13	69361255		False	False	False	True	1	4	5	-8,8	0,0	-9,6	0,0	-9,6	0,0	-8,8	0,0	1	4	5	0	0	0
3004	3004		DUP	chr4	154386235	chr4	154399157	12922.0	False		False		4	4	8	-10,9	0,0	-6,7	0,0					4	4	8	0	0	0
3029	3029_1	3029_2	BND	chr4	162657496	chr4	162658467		True	True	False	True	4	1	5	-10,9	-1,3	-10,9	-1,3	-10,9	-1,3	-10,9	-1,3	4	1	5	0	0	0
16121	16121_1	16121_2	BND	chr4	171200596	chr5	29268599		True	True	False	True	7	2	9	-10,9	-1,1	-9,9	-1,1	-9,9	-1,1	-10,9	-1,1	6	2	8	1	0	1
3063	3063		DEL	chr4	174286873	chr4	174287263	390.0	True		False		6	0	6	-10,138	-3,70	-66,9	-48,2					5	0	5	1	0	1
3105	3105		DEL	chr4	188503650	chr4	188506056	2406.0	True		False		9	0	9	-10,361	-2,147	-642,9	-170,2					8	0	8	1	0	1
3159	3159		DEL	chr5	1627024	chr5	1628726	1702.0	True		False		3	2	5	-10,9	-1,1	-10,9	-1,1					3	2	5	0	0	0
3188	3188		DEL	chr5	8937741	chr5	8938708	967.0	True		False		4	2	6	-10,9	-1,1	-10,9	-1,1					4	2	6	0	0	0
17934	17934_1	17934_2	BND	chr5	10346437	chrX	3341133		True	True	False	True	4	1	5	-10,9	-3,3	-10,9	-3,3	-10,9	-3,3	-10,9	-3,3	4	1	5	0	0	0
3208	3208		DEL	chr5	14272406	chr5	14273227	821.0	True		False		5	0	5	-10,781	-2,256	-683,9	-232,2					5	0	5	0	0	0
3212	3212		DEL	chr5	15455914	chr5	15456340	426.0	True		False		5	0	5	-10,243	-3,77	-302,9	-118,2					5	0	5	0	0	0
3239	3239		DEL	chr5	26796592	chr5	26801787	5195.0	True		False		4	1	5	-10,9	-3,3	-10,9	-3,1					4	1	5	0	0	0
3241	3241		DEL	chr5	27524779	chr5	27526108	1329.0	False		False		12	4	16	-10,9	0,0	-10,9	0,0					12	4	16	0	0	0
3245	3245_1	3245_2	BND	chr5	28932544	chr5	28934952		True	True	False	True	3	2	5	-10,9	-1,1	-10,9	-1,1	-10,9	-1,1	-10,9	-1,1	3	2	5	0	0	0
3244	3244_1	3244_2	BND	chr5	28932749	chr5	28934770		False	False	False	True	4	5	9	-8,5	0,0	-10,9	0,0	-10,9	0,0	-8,5	0,0	4	5	9	0	0	0
17803	17803_1	17803_2	BND	chr5	32974528	chr18	33088515		True	True	False	True	6	0	6	-565,9	-102,2	-10,648	-1,133	-10,648	-1,133	-565,9	-102,2	6	0	6	0	0	0
3288	3288		DEL	chr5	45288718	chr5	45288996	278.0	True		False		6	0	6	-10,89	-3,45	-224,9	-63,3					5	0	5	1	0	1
17825	17825_1	17825_2	BND	chr5	45953970	chr19	27370036		True	True	False	True	6	0	6	-617,9	-132,2	-217,9	-101,2	-217,9	-101,2	-617,9	-132,2	5	0	5	1	0	1
17958	17958_1	17958_2	BND	chr5	49601955	chrY	10785225		True	True	False	True	7	0	7	-329,9	-129,2	-614,9	-161,2	-614,9	-161,2	-329,9	-129,2	6	0	6	1	0	1
17862	17862_1	17862_2	BND	chr5	49602192	chr20	31068085		True	True	False	True	8	0	8	-10,263	-2,63	-14,9	-12,2	-14,9	-12,2	-10,263	-2,63	7	0	7	1	0	1
17885	17885_1	17885_2	BND	chr5	49602376	chr20	31168172		True	True	False	True	6	0	6	-10,79	-3,33	-619,6	-139,0	-619,6	-139,0	-10,79	-3,33	5	0	5	1	0	1
17613	17613_1	17613_2	BND	chr5	49657159	chr10	41896105		True	True	False	True	5	0	5	-265,9	-76,3	-54,9	-29,2	-54,9	-29,2	-265,9	-76,3	5	0	5	0	0	0
17556	17556_1	17556_2	BND	chr5	49658116	chr10	41870333		True	True	False	True	5	0	5	-246,9	-79,3	-564,9	-92,3	-564,9	-92,3	-246,9	-79,3	5	0	5	0	0	0
17991	17991_1	17991_2	BND	chr5	49658790	chrY	11643824		True	True	False	True	7	0	7	-10,175	-2,100	-10,613	-2,133	-10,613	-2,133	-10,175	-2,100	6	0	6	1	0	1
17984	17984_1	17984_2	BND	chr5	49659827	chrY	11298032		True	True	False	True	6	0	6	-678,9	-145,0	-10,466	-3,71	-10,466	-3,71	-678,9	-145,0	6	0	6	0	0	0
17870	17870_1	17870_2	BND	chr5	49660121	chr20	31073116		True	True	False	True	5	0	5	-193,545	-146,282	-153,426	-143,225	-153,426	-143,225	-193,545	-146,282	5	0	5	0	0	0
17985	17985_1	17985_2	BND	chr5	49661358	chrY	11297860		True	True	False	True	6	0	6	-424,9	-111,3	-10,596	-2,125	-10,596	-2,125	-424,9	-111,3	5	0	5	1	0	1
17880	17880_1	17880_2	BND	chr5	49661543	chr20	31106880		True	True	False	True	6	1	7	-10,9	-2,3	-9,0	-9,0	-9,0	-9,0	-10,9	-2,3	6	1	7	0	0	0
17975	17975_1	17975_2	BND	chr5	49661854	chrY	10999841		True	True	False	True	8	0	8	-10,426	-3,76	-250,9	-100,2	-250,9	-100,2	-10,426	-3,76	7	0	7	1	0	1
17997	17997_1	17997_2	BND	chr5	49667237	chrY	11643820		True	True	False	True	6	0	6	-6,618	0,139	-10,625	-2,122	-10,625	-2,122	-6,618	0,139	5	0	5	1	0	1
3255	3255		DEL	chr5	49790314	chr5	49856596	66282.0	True		False		6	0	6	-10,598	-2,131	-594,9	-133,2					5	0	5	1	0	1
3410	3410		DEL	chr5	53059445	chr5	53059685	240.0	True		False		5	0	5	-10,141	-3,69	-214,9	-76,3					5	0	5	0	0	0
17650	17650_1	17650_2	BND	chr5	55106217	chr11	37445049		True	True	False	True	6	0	6	-10,578	-2,111	-10,500	-1,90	-10,500	-1,90	-10,578	-2,111	5	0	5	1	0	1
17648	17648_1	17648_2	BND	chr5	67349331	chr11	18243094		False	False	False	True	1	4	5	-8,8	0,0	-8,8	0,0	-8,8	0,0	-8,8	0,0	1	4	5	0	0	0
3444	3444		DEL	chr5	67728450	chr5	67729337	887.0	True		False		5	0	5	-10,739	-2,244	-647,9	-227,2					5	0	5	0	0	0
17943	17943_1	17943_2	BND	chr5	68687917	chrX	116595567		True	True	False	True	6	0	6	-10,625	0,140	-517,7	-106,0	-517,7	-106,0	-10,625	0,140	5	0	5	1	0	1
3452	3452		DEL	chr5	75786477	chr5	75786777	300.0	True		False		2	3	5	-10,9	-1,1	-10,9	-1,1					2	3	5	0	0	0
3490	3490		DEL	chr5	87008317	chr5	87009026	709.0	True		False		5	0	5	-10,409	-2,148	-494,9	-176,2					5	0	5	0	0	0
3501	3501		DEL	chr5	89310541	chr5	89311326	785.0	True		False		5	0	5	-10,530	-2,109	-681,9	-131,2					5	0	5	0	0	0
3514	3514		DEL	chr5	94603385	chr5	94604130	745.0	True		False		6	0	6	-10,637	-2,164	-692,9	-174,2					5	0	5	1	0	1
3436	3436		DEL	chr5	104775122	chr5	104775971	849.0	True		False		6	0	6	-10,592	-2,177	-675,9	-168,2					5	0	5	1	0	1
3547	3547		DUP	chr5	110139223	chr5	110152265	13042.0	True		False		4	1	5	-10,9	-2,3	-10,9	-3,3					4	1	5	0	0	0
17499	17499_1	17499_2	BND	chr5	114281633	chr8	40820765		True	True	False	True	5	0	5	-730,9	-162,1	-10,703	-1,153	-10,703	-1,153	-730,9	-162,1	5	0	5	0	0	0
17935	17935_1	17935_2	BND	chr5	116985174	chrX	17957061		False	False	False	True	1	4	5	-8,8	0,0	-9,6	0,0	-9,6	0,0	-8,8	0,0	1	4	5	0	0	0
3614	3614		DEL	chr5	134059830	chr5	134062957	3127.0	True		False		4	1	5	-10,9	-3,3	-10,9	-3,3					4	1	5	0	0	0
17684	17684_1	17684_2	BND	chr5	139330404	chr12	113449215		True	True	False	True	6	0	6	-10,235	-3,75	-10,431	-1,125	-10,431	-1,125	-10,235	-3,75	6	0	6	0	0	0
17718	17718_1	17718_2	BND	chr5	145817165	chr15	83238690		False	False	False	True	1	4	5	-8,8	0,0	-9,6	0,0	-9,6	0,0	-8,8	0,0	1	4	5	0	0	0
3654	3654		DEL	chr5	146246527	chr5	146246597	70.0	True		False		5	0	5	-10,48	-2,30	-62,9	-42,2					5	0	5	0	0	0
3683	3683		DEL	chr5	152905391	chr5	152905632	241.0	True		False		6	0	6	-10,197	-3,74	0,9	0,4					5	0	5	1	0	1
3699	3699		DUP	chr5	158149362	chr5	158736399	587037.0	False		False		5	4	9	-9,5	0,0	-10,9	0,0					5	4	9	0	0	0
3711	3711		DEL	chr5	161961501	chr5	161962343	842.0	True		False		5	0	5	-10,772	-2,253	-679,9	-231,2					5	0	5	0	0	0
3716	3716		DEL	chr5	163056029	chr5	163056590	561.0	True		False		7	0	7	-10,475	-3,97	-523,9	-133,2					6	0	6	1	0	1
17665	17665_1	17665_2	BND	chr5	165466746	chr12	49774570		False	False	False	True	1	4	5	-9,6	0,0	-8,8	0,0	-8,8	0,0	-9,6	0,0	1	4	5	0	0	0
3724	3724		DEL	chr5	166975761	chr5	166976625	864.0	True		False		2	3	5	-10,9	-1,1	-10,9	-1,0					2	3	5	0	0	0
18422	18422_1	18422_2	BND	chr6	597946	chr11	62336034		False	False	False	True	1	4	5	-8,8	0,0	-9,6	0,0	-9,6	0,0	-8,8	0,0	1	4	5	0	0	0
3811	3811		DEL	chr6	13001551	chr6	13001824	273.0	True		False		5	0	5	-10,185	-2,86	-206,9	-84,2					5	0	5	0	0	0
18345	18345_1	18345_2	BND	chr6	31329006	chr7	129784061		True	True	False	True	7	0	7	-572,7	-105,0	-10,561	-2,109	-10,561	-2,109	-572,7	-105,0	6	0	6	1	0	1
3920	3920		DUP	chr6	32486365	chr6	32546169	59804.0	True		False		5	0	5	-678,9	-147,2	-10,314	-2,131					5	0	5	0	0	0
3956	3956		DUP	chr6	32548534	chr6	32573510	24976.0	True		False		9	0	9	-568,9	-80,2	-10,532	-2,93					8	0	8	1	0	1
4041	4041		DEL	chr6	33158438	chr6	33159066	628.0	True		False		6	0	6	-10,197	-3,56	-503,9	-90,3					5	0	5	1	0	1
4088	4088		DEL	chr6	51334678	chr6	51335324	646.0	True		False		3	2	5	-10,9	-1,1	-10,9	-1,1					3	2	5	0	0	0
4128	4128_1	4128_2	BND	chr6	58292164	chr6	61158452		True	True	False	True	7	0	7	-397,9	-105,1	-626,9	-109,2	-626,9	-109,2	-397,9	-105,1	6	0	6	1	0	1
4110	4110		DUP	chr6	60229934	chr6	60234323	4389.0	True		False		6	0	6	-360,9	-96,0	-10,631	-2,123					6	0	6	0	0	0
4109	4109		DEL	chr6	60230911	chr6	60231894	983.0	True		False		6	0	6	-10,311	-3,66	-179,9	-87,2					6	0	6	0	0	0
4111	4111		DEL	chr6	60234720	chr6	60239141	4421.0	True		False		6	0	6	-10,618	-1,184	-525,9	-161,2					5	0	5	1	0	1
18334	18334_1	18334_2	BND	chr6	64295335	chr7	84691105		True	True	False	True	6	0	6	-10,469	-1,112	-586,9	-125,2	-586,9	-125,2	-10,469	-1,112	5	0	5	1	0	1
18517	18517_1	18517_2	BND	chr6	66977778	chr16	68315746		False	False	False	True	1	4	5	-9,6	0,0	-8,8	0,0	-8,8	0,0	-9,6	0,0	1	4	5	0	0	0
18557	18557_1	18557_2	BND	chr6	84336874	chr20	14321981		False	False	False	True	1	4	5	-8,8	0,0	-9,6	0,0	-9,6	0,0	-8,8	0,0	1	4	5	0	0	0
18563	18563_1	18563_2	BND	chr6	94019218	chr20	56284306		True	True	False	True	10	0	10	-459,7	-98,1	-359,9	-58,1	-359,9	-58,1	-459,7	-98,1	9	0	9	1	0	1
4209	4209_1	4209_2	BND	chr6	94031356	chr6	94031699		True	True	False	True	6	2	8	-9,2	-1,1	-10,9	-1,1	-10,9	-1,1	-9,2	-1,1	6	2	8	0	0	0
4214	4214		DUP	chr6	95018914	chr6	95020787	1873.0	True		False		19	0	19	-586,9	-52,2	-10,588	-3,37					18	0	18	1	0	1
4254	4254		DEL	chr6	110749813	chr6	110750366	553.0	True		False		2	3	5	-9,9	-1,1	-10,9	-1,1					2	3	5	0	0	0
18560	18560_1	18560_2	BND	chr6	123008983	chr20	42541716		False	False	False	True	1	4	5	-9,6	0,0	-9,6	0,0	-9,6	0,0	-9,6	0,0	1	4	5	0	0	0
18402	18402_1	18402_2	BND	chr6	138070525	chr10	84067887		False	False	False	True	12	8	20	-4,2	0,0	-10,9	0,0	-10,9	0,0	-4,2	0,0	12	8	20	0	0	0
18401	18401_1	18401_2	BND	chr6	138148917	chr10	84005482		False	False	False	True	4	9	13	-4,3	0,0	-4,2	0,0	-4,2	0,0	-4,3	0,0	4	9	13	0	0	0
18339	18339_1	18339_2	BND	chr6	142468221	chr7	110993816		False	False	False	True	1	4	5	-8,8	0,0	-8,8	0,0	-8,8	0,0	-8,8	0,0	1	4	5	0	0	0
4330	4330		DEL	chr6	145384335	chr6	145385384	1049.0	True		False		5	2	7	-10,9	-1,1	-10,9	-1,1					4	2	6	1	0	1
4354	4354		DEL	chr6	154298872	chr6	154300370	1498.0	True		False		4	2	6	-10,9	-1,1	-10,9	-1,1					4	2	6	0	0	0
4440	4440		DEL	chr7	103418	chr7	104131	713.0	True		False		5	0	5	-10,222	-3,78	-441,9	-116,2					5	0	5	0	0	0
18888	18888_1	18888_2	BND	chr7	589056	chr12	132350040		True	True	False	True	6	0	6	-10,614	-2,136	-10,625	0,140	-10,625	0,140	-10,614	-2,136	5	0	5	1	0	1
19004	19004_1	19004_2	BND	chr7	6573525	chr18	70383688		False	False	False	True	1	4	5	-9,6	0,0	-9,6	0,0	-9,6	0,0	-9,6	0,0	1	4	5	0	0	0
4974	4974_1	4974_2	BND	chr7	7909199	chr7	109248250		False	False	False	True	1	4	5	-8,8	0,0	-8,8	0,0	-8,8	0,0	-8,8	0,0	1	4	5	0	0	0
4489	4489		DEL	chr7	8710640	chr7	8710961	321.0	False		False		1	5	6	-10,9	0,0	-7,6	0,0					1	5	6	0	0	0
4490	4490		DEL	chr7	9185470	chr7	9185661	191.0	True		False		6	0	6	-10,46	-2,30	-61,9	-40,2					6	0	6	0	0	0
4514	4514		DEL	chr7	14211458	chr7	14212398	940.0	True		False		7	0	7	-10,376	-3,76	-490,9	-100,2					7	0	7	0	0	0
4534	4534		DEL	chr7	18472548	chr7	18473057	509.0	True		False		5	0	5	-10,507	-3,91	-472,9	-92,3					5	0	5	0	0	0
4547	4547		DEL	chr7	23720212	chr7	23720561	349.0	True		False		6	0	6	-10,244	-3,91	-300,9	-97,3					5	0	5	1	0	1
4550	4550		DEL	chr7	23975977	chr7	23976282	305.0	True		False		5	0	5	-10,194	-3,77	-212,9	-87,2					5	0	5	0	0	0
4558	4558		DEL	chr7	25243156	chr7	25243996	840.0	True		False		5	0	5	-10,749	-2,246	-717,9	-238,2					5	0	5	0	0	0
4573	4573		DEL	chr7	29449528	chr7	29450175	647.0	True		False		5	0	5	-10,563	-2,178	-646,9	-161,2					5	0	5	0	0	0
4580	4580_1	4580_2	BND	chr7	31547158	chr7	31552382		True	True	False	True	3	3	6	-10,9	-1,1	-10,9	-1,1	-10,9	-1,1	-10,9	-1,1	3	3	6	0	0	0
18867	18867_1	18867_2	BND	chr7	35198268	chr12	63680564		True	True	False	True	9	0	9	-10,456	-2,87	-479,9	-76,2	-479,9	-76,2	-10,456	-2,87	8	0	8	1	0	1
4627	4627		DEL	chr7	40916136	chr7	40916825	689.0	True		False		5	0	5	-10,616	-2,162	-543,9	-160,2					5	0	5	0	0	0
19063	19063_1	19063_2	BND	chr7	41209993	chr22	44012906		True	True	False	True	1	4	5	-9,6	0,0	0,9	0,3	0,9	0,3	-9,6	0,0	1	4	5	0	0	0
4635	4635		DEL	chr7	43571337	chr7	43572147	810.0	True		False		5	0	5	-10,633	-2,175	-594,9	-165,2					5	0	5	0	0	0
19005	19005_1	19005_2	BND	chr7	47477283	chr18	79455127		False	False	False	True	1	4	5	-9,6	0,0	-9,6	0,0	-9,6	0,0	-9,6	0,0	1	4	5	0	0	0
4656	4656		DEL	chr7	48990424	chr7	48990644	220.0	True		False		6	0	6	-10,63	-2,40	-120,9	-53,3					5	0	5	1	0	1
4992	4992_1	4992_2	BND	chr7	52531700	chr7	114955644		False	False	False	True	1	4	5	-8,8	0,0	-8,8	0,0	-8,8	0,0	-8,8	0,0	1	4	5	0	0	0
4690	4690		DEL	chr7	57491715	chr7	57496368	4653.0	True		False		10	0	10	-10,383	-3,50	-408,9	-58,3					9	0	9	1	0	1
4692	4692		DUP	chr7	57765385	chr7	57766090	705.0	True		False		5	0	5	-538,9	-116,2	-10,687	-2,144					5	0	5	0	0	0
4706	4706		DEL	chr7	60039013	chr7	60535219	496206.0	True		False		6	0	6	-10,621	-2,117	-600,9	-126,2					5	0	5	1	0	1
4702	4702		DUP	chr7	60422584	chr7	60494681	72097.0	True		False		5	0	5	-536,9	-137,2	-10,697	-2,141					5	0	5	0	0	0
4744	4744		DEL	chr7	62846287	chr7	62847483	1196.0	True		False		5	0	5	-10,787	-2,403	-788,9	-403,2					5	0	5	0	0	0
4747	4747		DEL	chr7	62979558	chr7	62980293	735.0	True		False		7	0	7	-10,560	-2,153	-657,9	-175,2					7	0	7	0	0	0
19016	19016_1	19016_2	BND	chr7	64829560	chr19	21297617		True	True	False	True	7	0	7	-375,9	-92,2	-615,3	-132,0	-615,3	-132,0	-375,9	-92,2	6	0	6	1	0	1
4777	4777		DUP	chr7	65084331	chr7	65773792	689461.0	True		False		11	0	11	-589,9	-76,2	-10,405	-2,90					10	0	10	1	0	1
19111	19111_1	19111_2	BND	chr7	65490494	chrY	56832013		True	True	False	True	6	0	6	-626,9	-139,1	-10,573	-1,86	-10,573	-1,86	-626,9	-139,1	5	0	5	1	0	1
4817	4817_1	4817_2	BND	chr7	67179729	chr7	72632649		True	True	False	True	10	0	10	-58,9	-37,2	-681,9	-105,2	-681,9	-105,2	-58,9	-37,2	9	0	9	1	0	1
4803	4803		DUP	chr7	70629399	chr7	70832379	202980.0	False		False		10	6	16	-10,9	0,0	-4,4	0,0					10	6	16	0	0	0
4763	4763		DEL	chr7	76035316	chr7	76038489	3173.0	True		False		3	2	5	-10,9	-1,1	-10,9	-1,0					3	2	5	0	0	0
4950	4950_1	4950_2	BND	chr7	77167714	chr7	102703429		True	True	False	True	8	0	8	-585,9	-103,1	-460,9	-71,3	-460,9	-71,3	-585,9	-103,1	7	0	7	1	0	1
4872	4872		DEL	chr7	84171391	chr7	84172102	711.0	True		False		5	0	5	-10,514	-2,174	-520,9	-156,2					5	0	5	0	0	0
4882	4882		DEL	chr7	86292788	chr7	86293330	542.0	True		False		6	0	6	-10,488	-2,133	-315,9	-119,2					6	0	6	0	0	0
4899	4899		DEL	chr7	93787629	chr7	93793679	6050.0	False		False		3	4	7	-10,9	0,0	-10,9	0,0					3	4	7	0	0	0
18894	18894_1	18894_2	BND	chr7	95842526	chr13	69462608		True	True	False	True	5	0	5	-10,734	-1,158	-633,9	-110,2	-633,9	-110,2	-10,734	-1,158	5	0	5	0	0	0
19045	19045_1	19045_2	BND	chr7	107770268	chr21	32332531		True	True	False	True	6	0	6	-7,611	0,139	-10,377	-2,104	-10,377	-2,104	-7,611	0,139	5	0	5	1	0	1
18909	18909_1	18909_2	BND	chr7	107822748	chr14	84188673		False	False	False	True	1	4	5	-8,8	0,0	-9,6	0,0	-9,6	0,0	-8,8	0,0	1	4	5	0	0	0
4975	4975		DEL	chr7	109401777	chr7	109402579	802.0	True		False		6	0	6	-10,658	-2,182	-742,9	-191,2					6	0	6	0	0	0
4977	4977		DEL	chr7	109866759	chr7	109867567	808.0	True		False		5	0	5	-10,782	-2,256	-629,9	-225,2					5	0	5	0	0	0
4983	4983		DEL	chr7	112036730	chr7	112037390	660.0	True		False		5	0	5	-10,230	-2,133	-595,9	-156,2					5	0	5	0	0	0
4990	4990		DEL	chr7	114567708	chr7	114568424	716.0	True		False		5	0	5	-10,603	-2,223	-665,9	-229,2					5	0	5	0	0	0
18838	18838_1	18838_2	BND	chr7	114867102	chr11	31575806		False	False	False	True	1	4	5	-8,8	0,0	-9,6	0,0	-9,6	0,0	-8,8	0,0	1	4	5	0	0	0
5147	5147_1	5147_2	BND	chr7	125022561	chr7	147874593		True	True	False	True	6	0	6	-10,552	-1,83	-10,625	0,140	-10,625	0,140	-10,552	-1,83	5	0	5	1	0	1
5022	5022		DEL	chr7	125625056	chr7	125625377	321.0	False		False		2	4	6	-10,7	0,0	-9,7	0,0					2	4	6	0	0	0
5027	5027		DUP	chr7	127562938	chr7	127565038	2100.0	True		False		5	1	6	-10,9	-3,1	-10,9	-2,3					5	1	6	0	0	0
18980	18980_1	18980_2	BND	chr7	128290375	chr16	76831866		True	True	False	True	6	0	6	-481,9	-113,0	-10,508	-3,80	-10,508	-3,80	-481,9	-113,0	6	0	6	0	0	0
5046	5046		DEL	chr7	129235910	chr7	129236629	719.0	True		False		5	0	5	-10,514	-2,128	-523,9	-125,2					5	0	5	0	0	0
5047	5047		DEL	chr7	129321817	chr7	129322295	478.0	True		False		5	0	5	-10,366	-2,123	-147,9	-83,2					5	0	5	0	0	0
19007	19007_1	19007_2	BND	chr7	136825942	chr18	52272182		True	True	False	True	6	1	7	-10,9	-3,3	-10,9	-1,3	-10,9	-1,3	-10,9	-3,3	6	1	7	0	0	0
5071	5071		DEL	chr7	138310768	chr7	138311658	890.0	True		False		4	1	5	-10,9	-3,3	-10,9	-3,1					4	1	5	0	0	0
5092	5092		DEL	chr7	142201827	chr7	142202425	598.0	True		False		5	0	5	-10,492	-2,131	-503,9	-121,2					5	0	5	0	0	0
5145	5145		DEL	chr7	147356593	chr7	147357179	586.0	True		False		6	0	6	-10,455	-3,98	-585,9	-118,3					5	0	5	1	0	1
5154	5154		DEL	chr7	149585317	chr7	149609054	23737.0	True		False		6	0	6	-10,591	-2,108	-530,9	-107,2					5	0	5	1	0	1
5163	5163		DEL	chr7	151481175	chr7	151482074	899.0	True		False		5	0	5	-10,787	-2,403	-788,9	-403,2					5	0	5	0	0	0
19072	19072_1	19072_2	BND	chr7	152285076	chr22	10763955		True	True	False	True	5	0	5	-707,9	-140,2	-10,704	-1,154	-10,704	-1,154	-707,9	-140,2	5	0	5	0	0	0
5168	5168		DEL	chr7	152584618	chr7	152587220	2602.0	False		False		5	4	9	-10,9	0,0	-10,9	0,0					5	4	9	0	0	0
5175	5175		DEL	chr7	153463159	chr7	153463998	839.0	True		False		6	0	6	-10,625	-2,223	-619,9	-224,2					5	0	5	1	0	1
5176	5176		DUP	chr7	153500941	chr7	153503658	2717.0	False		False		8	4	12	-10,9	0,0	-6,7	0,0					8	4	12	0	0	0
18945	18945_1	18945_2	BND	chr7	155359319	chr15	67940149		False	False	False	True	1	4	5	-8,8	0,0	-9,6	0,0	-9,6	0,0	-8,8	0,0	1	4	5	0	0	0
5223	5223		DUP	chr7	157926907	chr7	157927649	742.0	True		False		6	0	6	-365,9	-69,3	-10,543	-2,110					5	0	5	1	0	1
5237	5237		DEL	chr7	158440834	chr7	158441479	645.0	True		False		5	0	5	-10,332	-3,85	-294,9	-98,2					5	0	5	0	0	0
19496	19496_1	19496_2	BND	chr8	7506375	chr19	22231578		True	True	False	True	7	0	7	-617,4	-132,0	-10,492	-2,95	-10,492	-2,95	-617,4	-132,0	6	0	6	1	0	1
19544	19544_1	19544_2	BND	chr8	13622547	chrX	135115018		True	True	False	True	5	0	5	-10,710	-1,155	-10,539	-2,113	-10,539	-2,113	-10,710	-1,155	5	0	5	0	0	0
5337	5337		DEL	chr8	29231906	chr8	29232530	624.0	True		False		6	0	6	-10,607	-2,223	-623,9	-191,2					5	0	5	1	0	1
5348	5348		DEL	chr8	35594253	chr8	35594944	691.0	True		False		6	0	6	-10,625	-2,224	-618,9	-189,3					5	0	5	1	0	1
19542	19542_1	19542_2	BND	chr8	37443658	chrX	112953445		True	True	False	True	1	4	5	0,4	0,1	-9,5	-1,0	-9,5	-1,0	0,4	0,1	1	4	5	0	0	0
19452	19452_1	19452_2	BND	chr8	43237696	chr14	16096529		True	True	False	True	10	0	10	-430,9	-83,2	-10,464	-2,73	-10,464	-2,73	-430,9	-83,2	9	0	9	1	0	1
5369	5369_1	5369_2	BND	chr8	43237729	chr8	43239120		True	True	False	True	6	0	6	-295,9	-83,3	-225,9	-82,1	-225,9	-82,1	-295,9	-83,3	6	0	6	0	0	0
19519	19519_1	19519_2	BND	chr8	43238345	chr22	11213937		True	True	False	True	5	0	5	-10,372	-2,138	-26,106	-24,60	-26,106	-24,60	-10,372	-2,138	5	0	5	0	0	0
19522	19522_1	19522_2	BND	chr8	43239345	chr22	11214577		True	True	False	True	6	0	6	-191,9	-56,3	-10,548	-1,125	-10,548	-1,125	-191,9	-56,3	6	0	6	0	0	0
19521	19521_1	19521_2	BND	chr8	43239476	chr22	11213445		True	True	False	True	5	0	5	-425,9	-132,2	-10,19	-2,16	-10,19	-2,16	-425,9	-132,2	5	0	5	0	0	0
5370	5370		DEL	chr8	43239757	chr8	43240304	547.0	True		False		5	0	5	-10,257	-3,78	-154,9	-65,3					5	0	5	0	0	0
19523	19523_1	19523_2	BND	chr8	43241397	chr22	11215349		True	True	False	True	7	0	7	-328,9	-106,2	-10,480	-2,120	-10,480	-2,120	-328,9	-106,2	6	0	6	1	0	1
5387	5387		DEL	chr8	46061422	chr8	46062899	1477.0	True		False		5	0	5	-10,787	-2,403	-788,9	-403,2					5	0	5	0	0	0
5391	5391		DEL	chr8	46306066	chr8	46306755	689.0	True		False		5	0	5	-10,386	-2,157	-302,9	-148,2					5	0	5	0	0	0
5393	5393		DEL	chr8	46467176	chr8	46467664	488.0	True		False		5	1	6	-10,9	-3,3	-10,9	-3,3					4	1	5	1	0	1
19383	19383_1	19383_2	BND	chr8	47634319	chr9	36467104		True	True	False	True	5	0	5	-10,756	0,178	-250,9	-117,2	-250,9	-117,2	-10,756	0,178	5	0	5	0	0	0
5432	5432		DUP	chr8	59222847	chr8	59224187	1340.0	True		False		10	0	10	-248,9	-55,3	-10,325	-1,56					10	0	10	0	0	0
5457	5457		DEL	chr8	71153217	chr8	71153402	185.0	True		False		6	0	6	-10,90	-2,51	-122,9	-66,2					5	0	5	1	0	1
5474	5474		DEL	chr8	77570884	chr8	77571413	529.0	True		False		5	0	5	-10,275	-3,108	-419,9	-119,2					5	0	5	0	0	0
5475	5475		DEL	chr8	78027398	chr8	78027591	193.0	True		False		8	0	8	-10,60	-2,37	-96,9	-53,2					7	0	7	1	0	1
5476	5476		DEL	chr8	78109649	chr8	78109865	216.0	True		False		5	0	5	-10,64	-2,41	-180,9	-79,3					5	0	5	0	0	0
5508	5508		DUP	chr8	95155870	chr8	95167826	11956.0	False		False		13	7	20	-10,9	0,0	-4,4	0,0					13	7	20	0	0	0
5518	5518_1	5518_2	BND	chr8	99145584	chr8	99146021		True	True	False	True	5	3	8	-10,9	-1,1	-7,9	-1,1	-7,9	-1,1	-10,9	-1,1	5	3	8	0	0	0
5522	5522		DEL	chr8	102140107	chr8	102140791	684.0	True		False		5	0	5	-10,540	-2,156	-623,9	-158,2					5	0	5	0	0	0
5541	5541		DEL	chr8	110751641	chr8	110752416	775.0	True		False		7	0	7	-10,541	-2,156	-588,9	-167,2					6	0	6	1	0	1
19478	19478_1	19478_2	BND	chr8	126147573	chr17	20750792		False	False	False	True	1	4	5	-9,6	0,0	-9,6	0,0	-9,6	0,0	-9,6	0,0	1	4	5	0	0	0
5593	5593		DEL	chr8	134070686	chr8	134076772	6086.0	True		False		8	3	11	-7,9	-1,1	-10,9	-1,0					8	3	11	0	0	0
5653	5653		DEL	chr9	1446532	chr9	1452461	5929.0	True		False		6	1	7	-10,9	-2,3	-10,9	-3,1					6	1	7	0	0	0
5667	5667		DEL	chr9	5927719	chr9	5998845	71126.0	True		False		4	3	7	-10,9	-1,1	-10,6	-1,0					4	3	7	0	0	0
5674	5674		DEL	chr9	6973488	chr9	6974265	777.0	True		False		6	0	6	-10,732	-2,185	-668,9	-177,2					5	0	5	1	0	1
19734	19734_1	19734_2	BND	chr9	10798395	chr20	24886638		True	True	False	True	7	0	7	-369,9	-90,1	-614,3	-132,0	-614,3	-132,0	-369,9	-90,1	6	0	6	1	0	1
5685	5685		DEL	chr9	11705157	chr9	11705957	800.0	True		False		5	0	5	-10,694	-2,234	-692,9	-233,2					5	0	5	0	0	0
5699	5699		DEL	chr9	17460046	chr9	17822017	361971.0	False		False		10	10	20	-3,2	0,0	-4,2	0,0					10	10	20	0	0	0
5702	5702		DEL	chr9	20754704	chr9	20754894	190.0	True		False		5	0	5	-10,100	-2,56	-43,9	-31,2					5	0	5	0	0	0
19718	19718_1	19718_2	BND	chr9	27023605	chr18	45718572		False	False	False	True	1	4	5	-9,6	0,0	-9,6	0,0	-9,6	0,0	-9,6	0,0	1	4	5	0	0	0
19690	19690_1	19690_2	BND	chr9	40542467	chr14	90445471		True	True	False	True	13	0	13	-10,354	-2,79	-626,9	-85,0	-626,9	-85,0	-10,354	-2,79	12	0	12	1	0	1
5762	5762		DEL	chr9	44603176	chr9	44781012	177836.0	True		False		5	0	5	-10,672	-2,143	-727,9	-157,1					5	0	5	0	0	0
19744	19744_1	19744_2	BND	chr9	61686897	chr20	29587494		True	True	False	True	5	0	5	-10,689	-2,132	-432,9	-108,2	-432,9	-108,2	-10,689	-2,132	5	0	5	0	0	0
19745	19745_1	19745_2	BND	chr9	61735367	chr20	29636266		True	True	False	True	7	0	7	-10,588	-1,88	-493,9	-93,2	-493,9	-93,2	-10,588	-1,88	6	0	6	1	0	1
5795	5795		DEL	chr9	65055964	chr9	65056327	363.0	True		False		7	0	7	-10,203	-3,82	-237,9	-104,2					6	0	6	1	0	1
5809	5809		DEL	chr9	72064365	chr9	72069358	4993.0	False		False		3	5	8	-10,9	0,0	-7,4	0,0					3	5	8	0	0	0
5815	5815		DEL	chr9	75668709	chr9	75669372	663.0	True		False		6	0	6	-10,537	-2,153	-600,9	-162,2					5	0	5	1	0	1
5823	5823		DEL	chr9	80653206	chr9	80655184	1978.0	True		False		5	0	5	-10,383	-2,133	-542,9	-132,2					5	0	5	0	0	0
19641	19641_1	19641_2	BND	chr9	90041939	chr10	68377238		False	False	False	True	1	4	5	-9,6	0,0	-8,8	0,0	-8,8	0,0	-9,6	0,0	1	4	5	0	0	0
19685	19685_1	19685_2	BND	chr9	103173970	chr14	25129860		False	False	False	True	1	4	5	-9,6	0,0	-9,8	0,0	-9,8	0,0	-9,6	0,0	1	4	5	0	0	0
5896	5896		DEL	chr9	107256005	chr9	107258567	2562.0	True		False		4	3	7	-10,9	-1,1	-10,9	-1,0					4	3	7	0	0	0
5917	5917		DEL	chr9	114319732	chr9	114321101	1369.0	True		False		5	1	6	-10,9	-3,3	-10,9	-3,1					5	1	6	0	0	0
5955	5955		DEL	chr9	131385143	chr9	131390610	5467.0	True		False		5	0	5	-10,608	-1,125	-663,9	-131,2					5	0	5	0	0	0
23261	23261_1	23261_2	BND	chrX	8531172	chrY	13917704		True	True	False	True	6	0	6	-393,9	-96,2	-620,9	-129,2	-620,9	-129,2	-393,9	-96,2	5	0	5	1	0	1
11083	11083		DUP	chrX	15266891	chrX	15267592	701.0	True		False		7	0	7	-567,9	-94,2	-10,531	-2,98					6	0	6	1	0	1
11181	11181		DEL	chrX	58369843	chrX	58371157	1314.0	True		False		5	0	5	-10,787	-2,403	-788,9	-403,2					5	0	5	0	0	0
11184	11184		DEL	chrX	62760206	chrX	62761041	835.0	True		False		4	1	5	-10,9	-3,3	-10,9	-3,1					4	1	5	0	0	0
11292	11292_1	11292_2	BND	chrX	63625472	chrX	116863989		True	True	False	True	5	0	5	-730,9	-158,1	-588,9	-119,2	-588,9	-119,2	-730,9	-158,1	5	0	5	0	0	0
11208	11208		DUP	chrX	73809205	chrX	73883571	74366.0	False		False		8	6	14	-10,9	0,0	-4,4	0,0					8	6	14	0	0	0
11212	11212_1	11212_2	BND	chrX	75973997	chrX	75974283		False	False	False	True	1	4	5	-9,6	0,0	-9,6	0,0	-9,6	0,0	-9,6	0,0	1	4	5	0	0	0
11216	11216		DEL	chrX	77678315	chrX	77710759	32444.0	False		False		9	7	16	-4,4	0,0	-10,9	0,0					9	7	16	0	0	0
11228	11228		DEL	chrX	81841154	chrX	81847193	6039.0	True		False		4	1	5	-10,9	-2,3	-10,9	-3,3					4	1	5	0	0	0
11268	11268		DEL	chrX	104878252	chrX	104878478	226.0	True		False		5	0	5	-10,219	-3,82	-173,9	-71,3					5	0	5	0	0	0
11279	11279_1	11279_2	BND	chrX	112468689	chrX	112518418		True	True	False	True	4	1	5	-10,9	-1,3	-10,9	-2,3	-10,9	-2,3	-10,9	-1,3	4	1	5	0	0	0
11334	11334		DEL	chrX	139148511	chrX	139149029	518.0	True		False		8	0	8	-10,397	-2,106	-253,9	-90,3					8	0	8	0	0	0
