kras	myc	dna_repair	angiogenesis	emt	g2m	hh	hypoxia	mtor	nfkb	notch	p53	pi3k	tgfb	wnt	raf1	alk	akt	erbb2	ccnd1	egfr	gli1	mek	ezh2_ko	pten_ko	yap1	atm_ko	case_id	AM_RATIO	class
10	-2	-9	3	2	-13	-8	10	-4	16	3	5	4	7	2	6	6	8	7	5	11	-11	7	6	4	-2	5	PASKRS	1.12666279027942	5
-7	2	7	-10	-5	13	5	4	9	-9	-6	-4	-1	-7	-10	-8	2	2	-3	-3	-10	1	-8	-3	3	-4	2	PAVNLK	1.32676604920732	3
-8	13	4	-5	-7	11	-8	-4	0	-14	-2	-10	-12	-9	-5	-7	2	-6	-5	-7	-7	1	-5	-5	-5	-6	-3	PASWYR	1.29755002665988	4
-11	17	8	-11	-14	14	-9	-7	2	-15	-12	-6	-10	-15	-4	-14	-8	-7	-10	-3	-14	-4	-12	-12	-6	-10	-3	PASPGB	1.40077759616058	4
6	-11	-9	14	16	-13	0	4	-8	9	3	2	-1	12	6	5	2	6	6	6	8	-3	6	6	6	1	7	PAUCRL	0.966191853825116	5
-7	14	6	2	-8	16	-7	-5	4	-10	-13	-7	-9	-12	1	-8	-10	-4	-8	-3	-7	-14	-8	-5	-6	-11	1	PASXRG	1.2989203895533	2
5	-6	7	12	8	9	-7	-2	1	8	2	4	-2	9	-2	-1	-1	1	-3	2	5	4	2	2	0	3	1	PAVHWG	1.11521429173223	9
-9	9	7	-11	-12	13	-8	-10	-3	-12	-10	-11	-3	-3	-5	-10	-7	-9	-10	-7	-10	-1	-10	-7	-8	-9	-9	PATLKI	1.34239838903795	4
-11	11	4	-14	-13	3	-12	-13	-8	-14	-12	-11	-4	-13	-12	-12	-11	-5	-10	-4	-12	2	-10	-5	-1	-11	-2	PATBGF	1.27811775537546	4
8	-10	-8	9	8	-15	4	3	8	7	6	4	2	5	-1	7	6	7	6	1	6	-3	7	6	7	4	5	PARTRP	1.08807416065408	5
-5	25	6	3	2	14	-12	1	12	-1	-7	-3	-1	-5	-6	-9	4	-4	-10	5	-8	-2	-8	-3	-7	-10	-2	PAUJRW	1.26408640620556	7
-8	13	11	-11	-8	12	-8	-7	9	-11	-7	-2	6	-1	-8	-2	2	-5	-3	-5	-7	4	-5	-8	-8	-4	-2	PAUGVZ	1.18422065135638	3
-12	16	8	-9	-12	15	-4	1	11	-15	-5	-6	4	-7	-4	-7	-3	-10	-11	-6	-12	10	-11	-7	-10	-4	-8	PAULMT	1.34782712166252	3
-1	13	7	8	4	11	-10	3	8	3	-3	4	-2	4	-8	2	-1	3	1	4	5	2	4	-2	-2	-7	2	PAUGJI	1.08618106680007	7
-8	17	6	-4	-9	16	-8	-10	6	-13	-12	-5	-7	-8	-5	-6	-10	-5	-7	-5	-5	4	-5	-9	-6	-5	-7	PAUUHY	1.36020745916805	4
7	13	-3	13	13	10	-7	6	2	7	0	7	-2	-1	-2	4	-7	6	3	6	6	-10	6	2	5	-9	7	PASMET	1.06188350466622	9
-7	18	-2	-7	-10	12	-9	-5	3	-11	-11	-4	-10	-14	-7	-8	-7	-7	-8	1	-6	-12	-4	-3	1	-11	2	PATTPC	1.34062776360706	2
10	2	-8	16	16	-13	-9	11	8	17	6	10	3	11	7	10	3	10	8	9	14	4	9	6	4	1	5	PAUMJN	0.839951802567593	5
10	-4	-2	-1	1	8	-11	-1	1	14	-1	6	6	7	-2	4	25	1	1	-1	9	-9	1	1	-1	-4	1	PAUJTY	1.09232523020756	8
13	-10	-8	15	14	-12	2	11	9	17	10	10	2	10	5	25	4	11	12	9	14	2	11	25	9	6	8	PAVKZC	0.86109104095221	5
-4	18	10	9	11	13	1	6	25	-8	3	0	0	-5	-3	3	1	-1	2	7	5	-7	5	1	-1	4	-1	PASWXG	1.23735600773271	7
-7	-6	-4	-9	-11	-5	3	-9	-3	-12	-3	-6	-5	-5	3	-6	-10	-4	-7	-7	-8	-11	-8	-3	-1	1	1	PAVAEE	1.2337751209463	1
-8	-9	-10	-11	-12	-18	-14	-11	-8	-12	-1	-9	3	-7	-5	-7	-3	-1	-1	-8	-7	-7	-2	-4	2	-9	-2	PAUSJB	1.15180750994518	6
-8	14	3	-15	-16	14	-12	-12	2	-15	-15	-10	-11	-13	-10	-9	-6	-11	-12	-11	-10	-12	-12	-8	-5	-14	-6	PASIUJ	1.43737431491239	4
-3	18	-1	1	-5	12	-8	1	-4	2	-12	1	-12	-11	-1	-8	-9	-2	-8	4	-6	-10	-6	-3	6	-10	8	PASKIS	1.3457564816304	2
-12	14	11	-10	-12	11	-9	-4	8	-13	-13	-5	2	-14	-10	-12	-8	-3	-7	-2	-12	1	-8	-8	-3	-8	1	PAVIZV	1.34630705766926	4
11	5	-10	15	16	-6	-9	9	-2	15	2	9	-3	7	-2	5	-4	5	4	4	13	1	6	5	5	-4	7	PAUTFT	0.993602210375519	5
-13	25	5	-13	-16	16	-10	-13	-2	-17	-12	-9	-9	-15	-5	-11	-10	-10	-13	-7	-15	-8	-12	-10	-10	-12	-5	PASXIE	1.4087282870197	4
5	5	-3	11	8	9	-3	6	3	8	4	6	5	5	7	2	2	-2	-1	5	5	10	-1	2	1	1	6	PATPFG	1.09506936654862	9
0	9	-2	-1	-2	11	-6	-5	-5	-1	-3	4	-3	-7	1	-7	-13	4	2	6	-6	-6	-1	2	3	-10	8	PATAAV	1.20730337480187	2
-2	7	5	-12	-7	14	2	-8	4	-7	-2	-3	6	-2	-8	-8	-2	-4	-8	-2	-7	5	-6	-5	-1	-2	-4	PATUWG	1.29726863492032	3
-3	17	11	1	-3	16	-4	4	13	-10	-4	-4	-4	-10	-9	-6	2	-3	-4	3	-7	-9	-4	-7	-1	-5	3	PAUKLK	1.39175008645451	7
10	-14	-10	11	14	-13	-8	4	-6	13	7	8	6	11	4	8	1	7	4	4	11	3	6	4	4	4	5	PATLSY	0.901693597150016	5
-2	-2	2	-12	-10	-10	-4	-7	-3	-3	0	-3	1	-6	-1	-8	8	1	-3	1	-9	-9	-5	-3	-1	-10	0	PASRTR	1.24081355085882	6
-11	14	11	-15	-15	12	-15	-15	-2	-17	-12	-9	-5	-8	-11	-12	-5	-7	-10	-9	-15	3	-13	-11	-9	-5	-8	PATBMM	1.28525499835876	4
-3	14	1	-6	-3	12	-11	-10	-9	-12	-15	-6	-12	-14	-5	-10	-18	-3	-6	-1	-9	-17	-7	-2	2	-12	5	PASCDX	1.23302588130165	2
-9	9	4	-12	-8	-4	-8	-12	-11	-15	-10	-7	-7	-9	-10	-12	-13	-4	-7	-5	-11	-11	-8	-1	-2	-8	4	PATCFL	1.24808489826429	4
-4	9	5	-11	-5	12	3	-3	7	-9	-6	-3	7	-1	-11	-4	8	-6	-6	-5	-8	-6	-5	-8	-6	-8	-9	PATTCU	1.27716891396913	3
-13	17	10	-9	-12	15	-4	-3	5	-14	-12	-5	-8	-13	-2	-12	-8	-10	-11	-1	-12	-5	-10	-10	-5	-6	1	PASCWD	1.38921658642054	4
-5	18	-1	3	-5	13	-11	-6	1	-9	-10	0	-10	-12	2	-7	-7	-4	-9	-2	-9	-11	-8	-7	-3	-10	2	PAUNTY	1.2140479995127	2
-4	14	7	13	9	13	-3	8	10	-3	25	3	7	7	9	-4	5	1	-6	3	-2	7	-2	-4	-5	-2	-2	PASNHY	1.17973524911174	7
-6	3	6	-1	-8	17	2	-6	4	-7	-6	-3	5	-3	2	-5	4	-2	-9	-4	-6	-5	-8	-4	-7	-5	-8	PASMIU	1.28368804166356	3
4	5	7	-10	-9	11	-5	-3	4	10	-4	4	25	1	1	-1	5	-3	1	1	4	-5	-2	0	-3	-7	-2	PAUEXM	1.20312682768639	8
11	17	-4	14	14	8	-9	11	4	16	-4	10	-3	4	5	6	2	7	2	8	12	-8	7	5	2	-8	9	PASNUI	1.07588146169137	9
-8	1	6	2	-5	10	2	-10	-5	-11	-10	-4	-1	-9	-4	-9	-12	-3	-4	1	-10	-2	-5	-4	-2	-3	2	PASUVU	1.25681663282427	1
1	4	5	-9	-12	12	4	-6	8	-9	-3	-1	8	-6	-7	-3	1	-9	-7	-7	-1	4	-7	-6	-6	9	-7	PAVALS	1.28728760389532	3
2	8	-1	10	12	-5	-7	11	13	6	4	4	-2	10	-7	5	25	5	4	5	9	4	6	3	2	3	1	PATWED	1.12440473829111	9
-12	16	11	-15	-14	13	-2	-3	10	-15	-9	-7	3	-11	-10	-7	3	-7	-7	-5	-12	-2	-8	-8	-8	-2	-8	PAUDFR	1.33698334801241	3
-7	6	6	-12	-12	15	-12	-11	3	-6	-12	-6	5	-5	-10	-8	1	-6	-11	-7	-10	-8	-10	-6	-6	-9	-3	PASXHE	1.28892724286739	3
6	-16	-6	-5	-9	-15	-8	-5	-7	7	4	5	4	-1	-10	-3	3	3	5	-2	4	-9	3	3	5	-7	5	PASXRJ	1.12195947728428	6
-7	25	5	9	3	12	-3	-2	5	-8	-5	-3	-7	3	7	-7	-3	-5	-8	2	-5	-1	-7	-6	-4	-8	1	PARUTJ	1.09975639329826	7
-11	17	8	-9	-12	16	-12	-9	2	-15	-11	-6	-10	-14	-8	-12	-12	-8	-12	-3	-14	-8	-11	-9	-7	-9	-3	PASFKX	1.34278765844054	4
0	15	7	1	5	14	-8	-2	9	-8	-5	-1	-5	-2	-12	-1	-2	1	-2	0	5	3	-1	-4	-4	-5	-1	PATZRF	1.21677303305244	7
