case_id	Gene	Type
PAUIDD	ADAMTS12-AKAP13	Fusion
PARZCJ	ALK	missense_variant
PAUKLK	ALK	missense_variant
PAUYFR	ALK	missense_variant
PASREV	ALK	missense_variant
PASLTH	ALK	missense_variant
PAVAHC	ALK	missense_variant
PAUNZM	ALK	missense_variant
PAVALS	ALK	missense_variant
PAUAZA	ALK	missense_variant
PASRVD	ALK	missense_variant
PASZTC	ALK	missense_variant
PASNHY	ALK	missense_variant
PATVER	ALK	missense_variant
PAUPNE	ALK	missense_variant
PASHLP	ALK	missense_variant
PASEWZ	ALK	missense_variant
PASTVV	ALK	missense_variant
PATSUB	ALK	missense_variant
PASUTC	ALK	missense_variant
PATNZJ	APC	frameshift_variant
PATUGX	AXIN2	stop_gained
PATDKL	BRAF	missense_variant
PATWTJ	BRAF	missense_variant
PAUFSZ	BTK	stop_gained
PASREY	CDK12	frameshift_variant
PAUFSZ	CHD2	stop_gained
PAUJRW	CHD2	frameshift_variant
PATXTF	CHD2	frameshift_variant
PASREV	CHD2	frameshift_variant
PAUCMD	CREBBP	frameshift_variant
PAUFSZ	CREBBP	stop_gained
PAUFSZ	EP300	missense_variant
PAUXSV	ERCC3	frameshift_variant
PASMIU	FANCB	stop_gained
PASAGA	FGFR1	missense_variant
PATVKG	FGFR2	missense_variant
PAVNLK	FGFR4	missense_variant
PAUXSV	FGFR4	missense_variant
PAUFSZ	FH	splice_acceptor_variant
PATPFG	GRIN2A	stop_gained
PASFEV	H3F3A	missense_variant
PASLIH	HRAS	missense_variant
PASXIE	IRF4	"missense_variant,splice_region_variant"
PAUNTY	KIT	missense_variant
PASVCK	KMT2C	frameshift_variant
PAUUTW	KMT2D	stop_gained
PATCVK	KRAS	missense_variant
PASUFD	KRAS	missense_variant
PAUDFR	MEN1	frameshift_variant
PAUPNR	MYCN	missense_variant
PATFPK	MYCN	missense_variant
PATSUB	MYCN	missense_variant
PATVRG	NRAS	missense_variant
PAUEKP	PHOX2B	frameshift_variant
PAULMT	POLD1	frameshift_variant
PAVFAP	POLQ	splice_acceptor_variant
PASNUI	PTEN	missense_variant
PAVIZV	PTEN	frameshift_variant
PATMFH	PTPN11	missense_variant
PAUFSZ	PTPN11	missense_variant
PAUUTW	PTPN13	frameshift_variant
PAUKLK	PTPN14	splice_donor_variant
PATMDE	RAD50	frameshift_variant
PAUFSZ	RAD54B	stop_gained
PATNXJ	RBM10	stop_gained
PASUTC	SMARCB1	stop_gained
PASYIP	TP53	missense_variant
PAUTLP	TP53	missense_variant
PATAAV	ZFHX3	stop_gained
PAUMJN	ALK	missense_variant
PATEEE	ALK	missense_variant
PAUTLP	PIK3CA	missense_variant
PATVKG	PTEN	missense_variant
PATNZJ	PTEN	missense_variant
PATXHB	PTPN11	missense_variant
PAVIZV	ABCG2	stop_gained
PATNZR	ATRX	stop_gained
PATXHB	BCORL1	stop_gained
PAUUTW	CDH17	stop_gained
PAUFSZ	DAXX	stop_gained
PATXKG	DNMT3B	stop_gained
PAUCXF	ERCC3	stop_gained
PATNEA	ING3	stop_gained
PAUFSZ	LYN	stop_gained
PAVFZW	NOTCH2	start_lost
PAUFSZ	SMARCC1	stop_gained
PATSRY	BRCA1	splice_acceptor_variant
PAVAEE	PALB2	splice_acceptor_variant
PASCWD	CCND1	Duplication
PASCWD	FGF19	Duplication
PASMET	TFPT	Duplication
PASXHE	GATA2	Duplication
PASXHE	RPN1	Duplication
PATAAV	ACKR3	Duplication
PATDWR	GATA3	Duplication
PATMZJ	PIK3C2B	Duplication
PATVWA	PDCD1	Duplication
PATXKG	WDCP	Duplication
PAUFIT	ZNF429	Duplication
PASSMV	ABCB11	Duplication
PAUSLK	FGFR1	Duplication
PARXPD	ZNF429	Duplication
PASGRL	CIC	Duplication
PATUWG	DDR2	Duplication
PATVKG	MDM4	Duplication
PAUJRW	PRCC	Duplication
PATRVB	ZNF429	Duplication
PASBPN	CIC	Partial Duplication (Lof)
PASUVU	CNTNAP2	Partial Duplication (Lof)
PASVCU	CDH17	Partial Duplication (Lof)
PATMZJ	MDM4	Partial Duplication (Lof)
PATRZM	CNTNAP2	Partial Duplication (Lof)
PAUDFR	CBFB	Partial Duplication (Lof)
PAUJEJ	CUL3	Partial Duplication (Lof)
PAVNLK	CDKN2A	Partial Duplication (Lof)
PARYEH	TRAF7	Partial Duplication (Lof)
PASLMN	FHIT	Partial Duplication (Lof)
PATSEC	STAG2	Partial Duplication (Lof)
PATUPN	DCC	Partial Duplication (Lof)
PAUFYH	TRAF7	Partial Duplication (Lof)
PARYRJ	CNTNAP2	Partial Duplication (Lof)
PATJIV	CIC	Partial Duplication (Lof)
PATMRZ	CNTNAP2	Partial Duplication (Lof)
PAUYKM	CNTNAP2	Partial Duplication (Lof)
PAUDFR	ZFHX3	Partial Duplication (Lof)
PAVAEE	FAT1	Partial Duplication (Lof)
PARVZT	ZFHX3	Deletion
PASJRT	ZFHX3	Deletion
PASMIU	CDH4	Deletion
PASXIE	ZFHX3	Deletion
PASYIP	DNMT3A	Deletion
PASZRF	BCOR	Deletion
PATNZJ	SRGAP3	Deletion
PATNZJ	XPO1	Deletion
PATSSA	ZFHX3	Deletion
PATVWA	NF1	Deletion
PAUEXM	ERBB4	Deletion
PAUFYH	CIC	Deletion
PAUGVZ	PTPN13	Deletion
PAVAEE	CREBBP	Deletion
PASGGI	KLF4	Deletion
PATFTR	PDK1	Deletion
PASKCS	ARID1A	Translocation
PAUUTW	ATRX	Translocation
PATPIU	ZFHX3	Inversion
PATVMF	PTPRD	Inversion/Deletion
PATWIL	PTPRD	Inversion/Deletion
PAVBAI	NOTCH2	Inversion
PAVDFW	PTPRD	Inversion/Deletion
PASJBY	NTRK2	Inversion
PASRTR	ZFHX3	Inversion
PASMUB	CDK12	Insertion
PASREV	RUNX1T1	Insertion
PASRRY	RUNX1T1	Insertion
PASYHS	FGF23	Insertion
PAUIJR	CDK12	Insertion
PAULBY	DDR2	Insertion
PAUPWN	SMAD2	Insertion
PAUCIK	AXIN1	Translocation
PATVWA	BRIP1	Translocation
PATLSY	CAMTA1	Translocation
PASTZR	CIC	Translocation
PASTZR	CREBBP	Translocation
PATNEA	CTNNA2	Translocation
PASTZR	CUX1	Translocation
PATNZR	DDR2	Translocation
PATSRY	DDR2	Translocation
PATUAI	DDR2	Translocation
PAUTRA	DNMT3A	Deletion/Translocation
PAUIHH	EPAS1	Translocation
PAUHSJ	EPHA3	Translocation
PASYJF	ESR1	Translocation
PATVWA	ESR1	Translocation
PASAVJ	EXT1	Translocation
PATLKI	FANCA	Translocation
PAUHSJ	FGF14	Translocation
PAUGVZ	FGF14	Translocation
PASPGB	FOXO3	Translocation
PATPIU	GRIN2A	Translocation
PATMZJ	HDAC1	Translocation
PASJRT	MSH2	Translocation
PATVVB	NF1	Translocation
PATMRZ	NFATC2	Translocation
PATBMM	NSD1	Translocation
PASJUU	PIK3C2B	Translocation
PATPIU	PLCG2	Translocation
PATWED	PPARG	Translocation
PATPIU	PRKAR1A	Translocation
PATPIU	PRKCB	Translocation
PASUMK	PTPRT	Translocation
PAVDAS	RET	Translocation
PATBMM	RICTOR	Translocation
PATBGF	SHANK2	Translocation
PATBMM	APC	Inversion/Translocation
PAURCX	BPTF-CCDC40	Fusion
PASTZR	CREBBP-CIC	Fusion
PASTZR	CUX1-PICK1	Fusion
PATBMM	CWC27-NSD1	Fusion
PARZCJ	DDX10-SKA3	Fusion
PATUBI	DDX10-SKA3	Fusion
PAULMT	DDX10-SKA3	Fusion
PAVBIJ	DDX10-SKA3	Fusion
PATVWA	ESR1-TAOK1	Fusion
PATTHB	EYS-ADGRB3	Fusion
PAVDAS	FRMD4A-APBB1IP	Fusion
PAVDAS	FRMD4A-FAM107B	Fusion
PATSSA	GLS-MYO1B	Fusion
PATSUL	GRID1-HECTD2	Fusion
PASMIU	LASP1-C20orf194	Fusion
PATXKG	LPIN1-NCOA1	Fusion
PASMET	NBAS-DDX1	Fusion
PASMET	PHLPP2-STAT5B	Fusion
PATMRZ	PLEKHG4B-ADCY2	Fusion
PASZTC	PNPT1-BCR	Fusion
PAVDAS	RET-DLG5	Fusion
PATBMM	RICTOR-GABRB2	Fusion
PAUUTW	SDC2-TMEM132D	Fusion
PATMZJ	SOX13-NFASC	Fusion
PATLKI	SUPT3H-MGMT	Fusion
PATIYD	MYCN	Amplification
PATRVB	MYCN	Amplification
PAVFZW	MYCN	Amplification
PAUJRW	MYCN	Amplification
PATNZJ	MYCN	Amplification
PASUTC	MYCN	Amplification
PAUHSJ	MYCN	Amplification
PATXKG	MYCN	Amplification
PASXRG	MYCN	Amplification
PAUNTY	MYCN	Amplification
PASXIE	MYCN	Amplification
PASNUI	MYCN	Amplification
PASWYR	MYCN	Amplification
PAUMJN	MYCN	Amplification
PAUKLK	MYCN	Amplification
PATKPD	MYCN	Amplification
PASIIU	MYCN	Amplification
PATSVA	MYCN	Amplification
PASYIP	MYCN	Amplification
PATLKI	MYCN	Amplification
PASZYY	MYCN	Amplification
PASREV	MYCN	Amplification
PAUIHH	MYCN	Amplification
PASCDX	MYCN	Amplification
PASPGB	MYCN	Amplification
PATWGR	MYCN	Amplification
PATMZJ	MYCN	Amplification
PATZRF	MYCN	Amplification
PATTPC	MYCN	Amplification
PASFNY	MYCN	Amplification
PASWXG	MYCN	Amplification
PASJRT	MYCN	Amplification
PASXSJ	MYCN	Amplification
PAUTLP	MYCN	Amplification
PASIUJ	MYCN	Amplification
PAUUHH	MYCN	Amplification
PAUGJI	MYCN	Amplification
PASTGD	MYCN	Amplification
PASUMG	MYCN	Amplification
PATYAU	MYCN	Amplification
PASKIS	MYCN	Amplification
PAUUHY	MYCN	Amplification
PASCWD	MYCN	Amplification
PASFKX	MYCN	Amplification
PASHEL	MYCN	Amplification
PASMET	MYCN	Amplification
PATWED	MYCN	Amplification
PAUYKM	SHANK2	Translocation
PATUGX	SHANK2	Translocation
PAVHWG	SHANK2	Translocation
PATNUK	SHANK2	Translocation
PATNEA	TERT	Inversion
PATSSA	TERT	Amplification
PAUAKC	SHANK2	Translocation
PAUJTY	SHANK2	Translocation
PATVRG	SHANK2	Translocation
PATVVB	SHANK2	Translocation
PASUVU	TERT	Amplification
PAVNLK	ATRX	Deletion
PATUWG	ATRX	Deletion
PATLSY	ATRX	Deletion
PATPFG	ATRX	Deletion
PATAAV	ATRX	Deletion
PATGLU	ATRX	Deletion
PATHYD	ATRX	Deletion
PAUCRL	ATRX	Deletion
PAUFIT	ATRX	Deletion
PAUAFH	ATRX	Deletion
PASJTA	SHANK2	Translocation
PAUJRW	ALK	Amplification
PATNZJ	ALK	Amplification
PATXKG	ALK	Amplification
PATSVA	ALK	Amplification
PAUIHH	ALK	Amplification
PATZRF	ALK	Amplification
PASWXG	ALK	Amplification
PATWED	ALK	Amplification
PATTCU	PTPRD	Deletion
PATBGF	PTPRD	Deletion
PAUYKM	PTPRD	Deletion
PASPGB	PTPRD	Deletion
PASUMG	PTPRD	Deletion
PATPFG	SHANK2	Duplication
PATTWT	SMAD4	Translocation
PAUGVZ	TERT	Translocation
PAVIZV	TERT	Translocation
PATTCU	TERT	Translocation
PASMIU	TERT	Translocation
PAVHWG	TERT	Translocation
PATVKG	TERT	Translocation
PAUAKC	TERT	Translocation
PASGRL	TERT	Translocation
PASAHC	SHANK2	Deletion
PATPIU	TP53	Translocation
PASGRL	CCND1	Amplification
PATPFG	CCND1	Amplification
PARYEH	CCND1	Amplification
PATSRY	CCND1	Amplification
PATTHB	CCND1	Amplification
PASGRL	FGF19	Amplification
PATPFG	FGF19	Amplification
PARYEH	FGF19	Amplification
PATSRY	FGF19	Amplification
PATTHB	FGF19	Amplification
PATNZJ	CDKN2A	Deletion
PAUKLK	CDKN2A	Deletion
PASMIU	CDKN2A	Deletion
PASXHE	CDKN2A	Deletion
PATAAV	CDKN2A	Deletion
PATUWG	CDKN2A	Deletion
PAUDEK	CDKN2A	Deletion
PAUFIT	CDKN2A	Deletion
PAUAEK	KMT2A	Deletion
PAUJRW	FGFR2	Amplification
PASFKX	GATA2	Amplification
PAUJEJ	GATA3	Amplification
PASFKX	GATA3	Amplification
PARUTJ	MYC	Amplification
PASPIU	MYC	Amplification
PAUDFR	CIC	Deletion
PAVBIJ	CIC	Deletion
PAUWHB	CIC	Deletion
PAUUTW	CIC	Deletion
PATNZJ	CIC	Deletion
PATUWG	CIC	Deletion
PATVER	CIC	Deletion
PASMUB	CIC	Deletion
PATUBI	CIC	Deletion
PASMET	CIC	Deletion
PASUEZ	CIC	Deletion
PATTPC	CIC	Deletion
PATNXJ	CREBBP	Deletion
PATIYD	CREBBP	Deletion
PATNBK	CREBBP	Deletion
PATPIU	CREBBP	Deletion
