kras	myc	dna_repair	angiogenesis	emt	g2m	hh	hypoxia	mtor	nfkb	notch	p53	pi3k	tgfb	wnt	raf1	alk	akt	erbb2	ccnd1	egfr	gli1	mek	ezh2_ko	pten_ko	yap1	atm_ko	case_id	AM_RATIO
6	-15	-11	4	-7	-18	6	3	-11	12	3	3	2	11	5	-3	3	7	6	4	4	-7	6	6	7	-2	3	PALBFW	1.13361682811515
6	15	9	8	13	9	-1	7	11	14	-2	9	6	7	-5	-2	9	4	4	1	8	-2	2	2	2	-1	-2	PALWVJ	1.18088906029438
-1	2	9	-7	-6	2	-7	-3	0	-9	-2	0	1	-8	-9	-6	-1	3	2	6	-8	-3	-2	-6	2	-2	7	PALETP	1.21324775742346
-5	9	9	-10	-11	12	1	-3	7	-4	3	-2	7	-1	2	-9	-10	-3	-6	-3	-5	0	-7	-7	-7	-8	-8	PALIIN	1.25021324822152
5	6	-1	16	18	-7	2	13	0	13	10	10	-2	9	9	4	4	9	9	25	9	-3	11	2	3	0	7	PALKUC	0.894639393830703
-8	6	5	-6	-8	9	8	-2	2	-11	-2	-2	4	-11	9	-8	-7	1	-2	8	-10	-4	-2	-7	-5	-5	2	PALUYS	1.28455410311583
12	-16	-11	14	14	-17	1	10	2	17	25	8	3	25	5	12	3	9	12	9	13	-2	11	11	10	25	4	PALVKK	0.969672931270698
-6	2	-6	5	10	12	3	-4	-8	-10	5	-7	-2	8	10	-6	-5	-8	-5	4	-4	3	-1	-8	-4	4	-5	PAMBMJ	1.16891313195178
-12	14	2	-14	-15	17	-9	-12	2	-14	-9	-12	-3	-1	-5	-10	-6	-10	-13	-9	-12	-2	-12	-9	-9	-13	-9	PALZZV	1.40322004932069
-2	-4	-5	6	4	-12	7	4	-2	-5	2	4	-1	-5	4	-2	-5	8	10	25	-3	-12	9	5	6	2	8	PAMEZH	1.19003610885556
-2	13	1	7	1	6	-2	2	-6	-5	-4	-6	-10	-10	-2	-7	-6	-4	-6	5	-8	-11	-6	-5	7	-6	6	PAMMXF	1.36179671545348
-5	12	12	-7	-9	13	3	-4	11	-9	1	-3	4	-7	-8	-4	10	1	-2	-5	-9	4	-5	-4	-2	-3	-7	PAMVRA	1.32727620608063
-11	-4	2	-12	-12	10	1	-11	-7	-14	0	-8	1	-9	-7	-10	-2	-6	-4	-4	-14	-4	-7	-4	-3	-6	-5	PANBJH	1.32663084369672
1	17	2	6	0	9	4	2	0	3	-7	-1	-9	-11	-7	-8	-7	-2	-4	6	-7	-11	-4	-2	7	-11	9	PAMZMG	1.33657035129849
-10	13	7	-11	-10	5	-5	-7	2	-13	-7	-8	-6	-11	-3	-6	-8	-10	-10	-4	-7	6	-8	-9	-6	-3	-3	PANBSP	1.28909472875376
-9	20	10	-14	-13	15	-6	-9	7	-12	-9	-6	-5	-12	-6	-10	-3	-6	-10	-1	-12	1	-11	-9	-9	-9	-3	PANUKV	1.39769433725091
-9	11	12	-5	-10	15	2	-6	11	-13	-8	-5	7	-7	-2	-8	0	-5	-8	-6	-12	7	-9	-8	-9	-5	-8	PANYGR	1.30401505620013
-8	18	-4	-4	-7	12	-6	-5	4	-9	-8	-4	-9	7	9	-7	-4	-5	-9	-2	-8	3	-7	-6	-5	-5	-6	PAPBGH	1.22083564431865
8	7	-2	16	15	5	-2	7	7	11	7	3	3	12	8	5	4	4	4	8	11	5	5	2	-1	6	3	PAPKWN	1.00280314104802
9	0	1	12	12	-2	0	10	1	18	2	25	6	13	9	3	6	8	6	6	12	6	5	5	-2	2	2	PAIVHE	1.08155125552369
13	2	-8	16	18	-15	-2	25	11	20	6	25	6	12	4	25	25	25	13	25	25	8	12	25	6	6	8	PAITEG	0.848740262331958
10	-19	-14	12	12	-19	8	10	-6	16	-3	3	-4	7	-2	10	3	9	12	5	10	-9	10	25	9	4	8	PAKYZS	1.06729012872899
4	14	11	-3	9	-9	-3	6	8	6	2	3	3	1	-1	-5	-2	3	4	6	-2	3	-1	-4	-4	7	1	PAITCI	1.15323911860387
6	4	-9	3	-1	-3	-5	-2	-4	5	1	-3	-2	3	2	-5	-2	-5	-5	-4	7	-1	-2	1	-1	2	2	PAPEFE	1.15967578785058
12	-11	-4	14	17	-12	25	13	5	18	8	25	5	12	7	11	4	25	12	25	13	3	11	11	10	10	8	PAIXIF	0.9898887722715
11	-14	-10	12	15	-17	6	10	6	10	10	8	8	11	7	25	9	8	12	7	13	8	12	25	9	25	5	PALCBW	0.900118166908115
11	7	3	10	12	4	1	9	3	9	5	7	2	-2	-2	3	-4	4	6	4	7	-3	5	5	9	-6	9	PALTEG	1.14568431078972
8	-17	-11	14	12	-6	5	2	-12	11	3	2	3	5	6	2	-6	5	6	8	6	-9	6	8	9	4	9	PAMYCE	1.13153305137844
10	4	-4	17	17	6	2	10	-1	13	4	7	-8	7	6	4	7	3	5	8	8	-8	6	6	10	-1	9	PAMZGT	1.10486828613806
11	-14	-9	12	14	-16	1	11	-3	19	25	25	2	12	8	11	5	25	9	9	13	3	9	11	8	25	8	PANGXK	0.835005903953317
8	-7	-11	16	15	-15	-5	8	-3	9	7	5	-5	12	25	8	-3	4	8	9	12	2	9	3	6	6	4	PANJLH	0.922993705405538
12	-18	-13	13	13	-19	6	9	-7	15	9	9	1	11	9	12	2	9	11	6	13	-2	11	11	9	9	9	PANKFE	0.911113712757609
-2	-14	-6	3	6	-15	5	-1	-11	-1	4	-2	-5	1	5	-2	-2	5	6	9	-5	-6	4	3	6	-4	6	PANZPV	1.14155389237379
2	-14	-4	-5	-7	1	4	-9	6	-8	0	-1	25	7	-3	6	6	-5	-3	-6	1	2	4	2	-8	3	-9	PANZVU	1.20810276078186
-6	10	-1	-7	-8	6	7	-4	-4	-13	1	-9	-4	-7	4	-5	-7	-6	-5	2	-4	-7	-1	-3	0	-6	2	PAPBZI	1.312415289277
8	9	1	4	6	-11	-8	0	-6	13	1	3	-3	-3	-6	4	-8	3	2	-2	8	-6	2	7	6	-2	25	PANBMJ	1.14952540282006
-7	-18	-8	-12	-15	-17	-2	-8	-3	-12	-9	-6	3	-8	-11	-5	3	-1	-2	-4	-9	-9	-5	4	2	-2	-5	PAPHPE	1.27191154907594
6	8	11	9	7	9	-1	4	3	7	7	5	4	-1	5	-3	-7	6	5	8	2	-6	2	-3	4	3	6	PAIPGU	1.16219010941238
-9	14	6	-4	-2	6	2	-5	1	-12	-4	1	-5	-9	7	-9	-3	-4	-7	8	-11	-4	-4	-9	-4	-7	2	PALEVG	1.27569018704875
-4	8	4	6	6	6	-3	4	4	-6	9	0	-1	-3	4	-3	-2	0	-1	9	-7	-1	-1	-7	3	6	5	PANRHJ	1.22550933673021
-1	-14	-7	-15	-12	10	-3	-11	-6	-8	-2	-6	5	-6	-5	-3	1	-3	-3	-5	-6	0	-4	-2	2	-11	-4	PAPUAR	1.25659047166265
-6	6	2	-15	-12	14	-9	-11	-1	-10	-8	-7	7	-6	-4	-5	-9	-5	-5	-6	-4	-3	-5	-7	-5	-10	-2	PAPUEB	1.2152828996223
-9	17	-2	-11	-15	9	-2	-8	1	-9	-14	-8	-7	-12	-5	-9	-3	-7	-13	-8	-12	-7	-11	-6	-5	-13	-2	PAPUNH	1.48267797163055
7	15	-3	10	14	14	-4	8	6	13	6	7	-4	10	2	6	2	5	2	7	11	-8	6	3	6	-5	2	PAPZYP	1.11135794581909
9	-17	-11	6	6	-15	4	-2	-7	11	3	6	0	6	5	7	-4	8	9	7	8	-5	7	6	8	5	7	PARACM	1.09668558338006
3	-19	-12	-7	-12	-17	4	-6	-11	4	-9	-5	-5	-3	-3	2	0	-2	3	-2	-2	-2	1	5	7	-5	6	PANRRW	1.20140384599188
-9	-3	4	-12	-15	8	-9	-10	-8	-13	-6	-7	2	-11	-11	-5	-9	-8	-6	-5	-12	3	-9	-7	-5	-1	1	PANLET	1.30061631602443
7	-12	-9	14	13	-17	-2	2	-12	13	7	7	-4	11	25	5	5	2	4	3	7	-2	9	8	2	8	2	PANRVJ	1.04388873043967
11	-14	-10	11	12	-15	-4	9	-2	18	10	11	3	14	8	11	6	10	8	4	13	2	8	10	3	25	4	PANSBN	0.755803965426735
2	-6	3	8	7	-16	4	9	-7	11	6	7	-4	2	0	-3	-6	5	4	3	3	-2	2	1	1	-1	8	PANUIF	1.13008110893022
-5	10	1	-6	-8	-5	-4	-6	-12	-13	-8	-10	-9	-9	-2	-4	-15	-6	-5	-2	-6	1	-4	-5	-3	2	6	PANWRR	1.32245877748899
6	4	-1	15	15	1	4	25	4	14	4	10	-2	25	25	6	4	6	6	7	12	2	7	2	2	3	3	PAPBJE	1.02246622852925
-8	16	2	-9	-9	5	-2	-5	2	-8	-12	-4	-10	-9	-5	-9	-3	-7	-10	-5	-10	-3	-6	-4	-5	-10	-6	PAPCTS	1.32147363603604
-11	1	2	-15	-15	11	-2	-10	-6	-16	-8	-9	0	-12	-3	-12	-6	-8	-9	-5	-14	-4	-8	-8	-6	-12	-5	PAPKXS	1.40309314077116
11	-7	-9	15	16	-9	3	12	3	25	7	9	3	25	7	12	9	9	8	2	16	2	11	25	4	2	6	PAPTAN	0.957569962514211
5	-12	-4	-6	-6	13	-5	-4	-2	8	-6	1	5	-6	-6	5	-1	1	-2	-2	3	0	-2	-2	4	-2	2	PAPUWY	1.17809486202182
-8	-14	-6	-16	-15	8	-2	-11	-4	-14	-12	-11	1	-9	-6	-6	-5	-7	-8	-7	-11	-2	-9	-2	-3	-7	-4	PAPVFD	1.34454495555289
4	5	9	-8	-5	11	-14	1	7	14	-9	5	7	4	-11	0	7	3	-2	-1	5	-6	-2	-2	-6	-1	2	PAPVXS	1.17408097245751
10	4	-4	17	18	5	-2	11	6	17	25	25	3	25	25	10	7	6	7	6	15	1	8	8	6	5	1	PAPZYZ	0.8312824622897
-5	-9	1	-3	-8	-6	2	0	-7	4	-1	-1	6	4	9	-5	8	2	0	-1	-2	-11	-2	-4	-2	-7	-2	PARACS	1.22309160986929
-12	1	2	-8	-13	1	-2	-7	3	-14	-2	-10	3	-11	-6	-8	-14	-9	-7	-7	-9	-9	-9	-6	-7	-2	-7	PARAMT	1.36265451616966
-8	-12	-2	-17	-15	8	-3	-11	-2	-12	-8	-9	7	-6	-4	-2	-5	-4	-5	-9	-8	5	-5	-4	-5	-4	-5	PARBGP	1.2813460864876
-3	-10	1	-9	-14	-5	-8	-11	-10	-3	-9	2	4	-7	-2	-6	-13	0	-1	-1	-8	-3	-2	-5	4	-2	-3	PARDIW	1.251251353004
-10	2	9	-11	-15	16	0	-8	6	-9	-8	-3	6	-11	-3	-10	-5	-3	-5	-7	-11	3	-9	-6	-5	-5	-4	PARFWB	1.33631119609498
-5	-16	-5	-4	-7	-18	-2	-1	-3	-6	-9	-5	2	-6	-7	-3	4	2	5	-4	-2	-7	-1	3	-5	3	3	PARDCK	1.20303560343743
-1	-16	-11	3	-8	-16	3	2	-4	-6	-3	-3	-3	-3	-7	3	1	7	5	-3	-2	-9	6	7	4	-2	3	PARGKK	1.19111780847195
11	11	5	15	17	8	-9	11	10	19	9	11	8	25	5	8	25	25	6	6	15	-3	9	8	1	6	3	PARKGJ	0.928753691336619
10	-1	2	9	7	-7	-8	8	-6	15	4	7	1	3	0	6	-5	4	5	4	9	1	5	3	1	-3	5	PARSBI	1.11376920459816
10	-15	-12	12	9	-18	4	8	-6	17	7	6	-8	5	-3	9	8	9	10	3	11	-7	8	10	9	2	9	PAIFXV	1.07006465840173
-3	-5	5	8	7	-14	-2	8	1	-4	10	3	1	-3	-3	-2	2	2	4	5	-2	-2	5	1	-2	8	5	PARVLK	1.17883878848846
-7	-5	0	-11	-14	13	-5	-7	1	-11	1	-5	4	-7	-3	-8	-3	-5	-7	-5	-9	-5	-7	-1	-2	-7	2	PARYNK	1.32512151155759
-7	-8	-11	-13	-15	-4	-2	-10	-11	-12	-7	-8	-2	-9	2	-5	-12	-10	-11	-6	-9	7	-9	-5	-3	3	-1	PARZIP	1.35577813740975
-4	7	6	-11	-7	2	-2	-5	-8	-8	-3	-6	-4	-1	-1	2	-12	3	-1	-2	-3	6	-2	-1	-1	5	-1	PASEGA	1.23863950524632
3	11	11	-4	4	11	-13	-8	3	2	-2	3	5	-5	-4	-1	-4	0	-3	-1	0	6	-3	-6	-5	2	2	PASFGG	1.13467088998059
-7	-10	-7	-16	-14	4	-1	-10	-11	-9	-8	-8	-2	-9	-6	-10	1	-7	-7	-6	-11	-1	-8	-6	1	-12	-2	PASGUT	1.31550517058906
10	5	-6	13	13	-17	-1	10	7	16	8	8	4	12	4	12	25	25	10	7	15	6	9	10	3	10	4	PASMJG	0.870574907277098
-10	10	6	-16	-17	9	-8	-11	-2	-12	-10	-6	2	-6	-5	-11	3	-7	-12	-10	-13	-4	-12	-6	-10	-3	-8	PASMNT	1.34832234509084
-8	16	5	-10	-9	14	-8	-6	-1	-14	-3	-9	-10	-6	3	-8	-9	-9	-11	-5	-9	-8	-8	-8	-8	-10	-6	PASNZU	1.33582777892515
-9	-6	-5	-12	-14	-13	-4	-11	-14	-10	-9	-8	-1	-8	-8	-3	-12	-9	-6	-8	-3	6	-4	-6	-1	-4	-2	PASPER	1.29139512341617
-4	-10	-3	-17	-15	-8	-4	-13	-12	-10	0	-6	3	-8	-1	-6	-7	-5	-6	-3	-6	-5	-7	-5	-2	-7	-5	PASRFS	1.23632431752391
-12	-8	6	-10	-13	9	-7	-11	-11	-15	-3	-11	-2	-1	7	-7	-12	-8	-9	-10	-10	8	-9	-8	-9	0	-8	PASSRS	1.26149727972706
-7	-12	3	-2	-7	10	-5	-7	-7	-12	-7	-6	-5	-6	5	-8	-9	-1	-5	-5	-8	-4	-5	-4	-1	-11	3	PASTCN	1.22650561554811
9	-19	-11	9	13	-12	1	2	-5	14	6	5	-3	6	1	7	3	5	10	4	12	-4	7	8	8	-4	4	PASTKC	1.07454734330083
-9	15	5	-8	-8	15	-7	-8	1	-12	-1	-7	-7	-1	0	-6	-8	-1	-7	-5	-6	-8	-6	-6	-7	-12	-5	PASUCB	1.28697636302272
-5	16	-1	-9	-5	16	-8	-2	-1	-8	-9	-7	-10	-10	-7	-7	-11	-5	-6	-5	-8	-9	-9	-3	2	-7	3	PASUYG	1.30268175338237
-6	18	7	-9	-11	11	-3	5	2	-12	-9	-5	-11	-15	-8	-8	-7	-7	-6	-2	-10	-6	-8	-7	-4	-7	3	PASVRU	1.45080854272105
-9	13	1	-10	-9	15	2	-6	2	-12	-7	-9	-8	-6	-5	-5	-9	-8	-9	-7	-7	-4	-6	-4	-5	-8	-3	PASWFB	1.37587971943447
-8	2	5	-15	-17	8	-7	-8	-5	-12	-10	-3	5	-14	-5	-6	-8	-7	-9	-5	-9	-3	-9	-8	-6	-9	-5	PASWVY	1.38898699265783
-12	6	5	-16	-16	5	2	-11	-2	-16	-9	-9	-2	-13	-4	-12	-5	-8	-10	-7	-15	-6	-12	-7	-8	-4	-5	PASXGP	1.41632427666044
6	13	1	9	11	8	-7	2	-2	5	-2	4	-3	-5	2	-1	-5	-2	3	6	3	-2	2	-4	4	-2	7	PASZPI	1.11040434402785
-8	15	-3	-3	-10	5	-5	-6	-10	-9	-12	-9	-13	-6	-3	-11	-8	-6	-8	-5	-9	7	-8	-8	-3	-9	1	PATDWN	1.32879632671851
-9	19	10	-9	-7	16	-9	2	25	-10	-4	-2	-3	-8	-3	-6	3	-6	-9	-6	-5	-1	-8	-7	-7	-6	-8	PATDXG	1.23017628582825
11	-15	-9	9	10	-19	4	8	4	13	9	10	3	6	4	11	2	10	12	6	10	-6	9	10	9	25	7	PATEKG	0.957957097723876
-11	6	11	-13	-13	12	2	-1	3	-11	-8	-6	-3	-12	-7	-12	2	-6	-6	-6	-14	-5	-10	-7	-5	-7	-4	PATEPF	1.40605857695675
-8	20	4	-6	-5	16	2	-3	7	-10	-8	-5	-8	-9	-9	-8	4	-6	-9	-4	-10	-6	-10	-6	-4	-6	-3	PATESI	1.33139385318221
-11	3	7	-2	-11	10	-1	-10	-4	-15	5	-3	-2	-5	7	-6	-4	-4	-9	-6	-9	7	-9	-8	-3	7	-7	PATFCY	1.3001307336251
-2	17	-3	4	4	15	-4	-3	-2	-4	-5	-7	-11	-5	-5	-6	-8	-7	-9	-2	-4	-11	-6	-3	1	-8	6	PATFXV	1.34620243019346
-2	9	3	1	0	11	-3	1	3	-9	-2	1	1	-9	1	-5	-11	-6	-7	-4	-6	6	-7	0	0	2	-2	PATHVK	1.25790643414782
-8	3	25	-11	-12	10	-2	-11	5	-13	2	-2	4	-12	-5	-9	-4	-2	-4	3	-12	4	-9	-9	-3	-1	1	PATINJ	1.25676350096437
13	-11	-6	16	16	-16	-3	13	-2	19	11	25	3	13	4	12	9	10	11	8	15	5	9	10	7	10	8	PANXJL	0.774524669658409
2	-4	2	4	8	3	-3	-1	-5	4	-8	6	-7	-9	-9	-4	-6	-3	2	4	-2	-11	-1	-1	5	-7	6	PAPLSD	1.19015430916359
-7	13	-2	-5	-6	12	-5	-5	-8	-13	4	-10	-9	-8	-1	-8	-7	-8	-7	-4	-9	-13	-8	-5	-4	-12	-2	PAPTFZ	1.34009400978943
9	-5	-11	16	17	-5	1	8	-10	8	3	3	-9	1	5	3	-8	4	6	8	10	-3	6	5	8	-2	10	PAPTLV	1.0635858190768
10	-15	-13	11	7	-16	5	10	9	13	2	3	1	-5	-6	11	3	9	11	4	9	-15	10	10	9	4	10	PAPVRN	1.15814421817791
2	-15	-7	-1	-3	-12	7	-6	-13	-8	6	-2	-1	6	6	2	-5	-2	-4	-5	1	2	-1	-2	0	-7	-1	PASJZC	1.11722835109201
11	-12	-6	12	11	-17	4	11	10	11	3	6	-2	1	-7	25	25	11	12	5	12	-5	11	11	9	4	8	PASGAP	1.04995264512184
8	13	4	4	9	4	-9	3	4	6	-2	2	-7	-10	-8	-1	1	2	-1	2	2	-13	-2	2	8	-5	5	PASHFA	1.21009371783154
0	11	25	-12	-10	18	-5	-7	25	-6	-2	1	25	0	-5	1	25	-2	-3	-5	-3	7	-1	-4	-5	-2	-9	PASYPX	1.25261184306657
1	-7	-4	-2	-3	-14	8	6	7	-2	3	-3	6	2	-6	6	25	3	6	1	-1	8	4	3	3	8	-1	PALNVP	1.27389751935207
8	-15	-2	3	-2	-17	8	4	1	9	3	5	3	-1	-9	7	7	7	9	1	4	0	8	8	8	9	3	PALXTB	1.23804816623376
-10	15	25	-12	-14	7	2	-1	11	-12	-8	-2	7	-9	-6	-9	3	-6	-6	-7	-10	8	-9	-8	-9	3	-8	PAMNLH	1.40565833872447
-1	7	11	-11	-8	14	5	-2	25	-5	-1	-3	25	-1	-7	2	9	-2	2	-4	-5	1	0	-2	-1	0	-6	PANNMS	1.28416001869932
2	14	25	-2	-4	13	2	2	9	-5	-1	3	7	-11	-10	-1	4	-2	1	2	-7	9	-6	-4	-1	3	-2	PAPEAV	1.34733955677818
1	4	9	-5	7	16	25	8	12	4	2	6	7	2	0	1	25	1	4	2	2	25	4	-2	2	5	-4	PAISNS	1.24902183976996
-9	9	12	-16	-15	10	-8	-10	0	-14	-9	-8	-1	-15	-10	-9	-8	-6	-5	-7	-12	-5	-10	-9	-2	-7	-1	PASNEF	1.3675738239772
3	6	-8	12	9	-15	-2	-2	-13	6	-1	-1	-12	6	5	-1	-9	0	3	-1	7	-1	4	0	2	-3	6	PASSRN	1.10557222743015
9	-16	-11	5	7	-5	-2	-9	-12	3	4	-1	-3	5	8	3	-6	1	3	-1	7	-4	3	7	8	-6	5	PASWIJ	1.14555082444235
9	7	6	5	3	9	1	2	9	5	4	5	6	2	2	1	-3	2	1	3	4	2	1	-1	1	7	3	PATDXC	1.16593610895786
